m/z	retention_time	p-value	t-score	custom_id
760.58465	19.341	1	0.08132938435002687	P1
876.80088	23.952	1	-0.06459414516386071	P2
782.56882	18.116	1	0.2903910488705475	P3
758.56897	18.518	0	0.9445611810675837	P4
806.56868	17.913	0	0.5979900313871379	P6
874.78481	23.42	1	-0.04205021607842669	P7
848.76963	23.348	1	0.03882238952592909	P8
784.58393	19.02	0	0.9750269441267039	P9
810.59934	19.6	0	0.8308306990281248	P10
902.81583	23.995	1	-0.2592457801578901	P11
812.61544	21.49	0	0.6801401102354526	P12
703.57457	16.649	1	-0.12904304756417356	P13
808.58384	18.354	1	-0.07721728360778454	P14
846.75373	22.872	1	0.02516194930763782	P15
850.78588	23.923	1	-0.03520112061573193	P16
738.64643	16.871	1	-0.012896018840417727	P17
764.52141	16.962	1	0.14572881275251737	P18
872.76922	22.977	1	0.039380278134919386	P19
900.80052	23.515	1	-0.07562522659966313	P20
732.55364	18.061	1	0.019130385414946695	P21
820.73836	22.798	1	-0.07645127300557499	P22
496.33969	10.5	0	0.44633780956972735	P23
904.83199	24.673	1	-0.016868577859166504	P24
832.58431	18.079	1	0.046028338970120576	P25
1520.165	19.408	1	-0.04202810124975682	P26
756.55353	17.775	1	0.24406723711486852	P27
524.37105	11.862	1	0.22984659488831102	P28
834.59966	19.173	1	0.4045621544448415	P29
768.55383	18.153	0	0.8233239745279188	P30
766.53753	17.304	0	0.43946045995272365	P31
638.57153	19.294	1	0.04299572185870394	P32
740.52205	17.125	1	0.41215118311404336	P33
813.68382	23.413	1	0.06180215989136617	P34
862.78563	23.666	1	-0.03417171583191878	P35
904.59029	15.514	0	0.47726544171385116	P36
780.55264	17.858	1	0.014670898518405799	P37
734.56962	19.235	1	-0.007364022052810266	P38
822.75466	23.301	1	0.0022141300177084713	P39
844.73831	22.453	1	0.1012849518065205	P40
930.84806	24.66	1	-0.3419655135790926	P41
534.52389	17.445	1	0.17204627438431033	P42
522.35572	10.769	1	-0.1930466260201772	P43
898.78507	23.098	1	0.08625641182089308	P44
774.60121	21.321	1	-0.2493510295307547	P45
804.55288	17.31	1	0.005486865130770168	P46
790.53726	17.158	1	0.04414783066815663	P47
818.72271	22.344	1	-0.016958580595054992	P48
746.60585	22.845	1	-0.11922657749370494	P49
730.53824	17.428	1	-0.07259457003984905	P50
870.75379	22.606	1	0.08223209016512861	P51
746.57037	18.905	1	-0.1147852750758327	P52
890.81704	24.3	1	-0.10316819499918753	P53
544.33966	9.935	1	0.11710759282340594	P54
878.81697	24.669	1	0.04602324763452034	P55
888.80117	23.721	1	-0.21153331100200518	P56
429.37233	15.204	1	-0.21425303012816577	P57
830.56865	17.588	1	0.16556413881040535	P58
429.37233	16.368	1	0.21300733372068872	P59
612.55593	19.183	1	0.12425660011697018	P60
812.54346	16.714	1	0.061301794635394556	P61
627.53429	15.506	0	0.540162650056678	P62
1565.13692	18.088	1	0.3695283730619028	P63
1516.1338	18.476	1	0.12771077408902742	P64
1546.17871	19.186	1	-0.1663237434074555	P65
610.54031	18.538	1	0.12929148330972554	P66
568.33953	10.002	1	0.006591512592970097	P68
926.81688	23.685	1	-0.21352510249636203	P69
552.53444	17.445	1	0.20402115198850865	P70
792.70756	22.261	1	-0.07617461715373534	P72
768.5904	19.141	1	0.12809990605154198	P73
928.83243	24.171	1	-0.18731533915606807	P74
792.55353	17.89	1	0.4064473829795274	P75
689.55902	16.185	1	-0.18168392743617034	P76
742.5383	17.553	1	0.2761282998342362	P77
1613.13724	17.855	1	0.24072986621528963	P78
796.58426	18.918	1	0.10619916108854313	P79
1571.18446	19.613	1	-0.07882755263355525	P80
1537.19337	18.938	1	0.014400771379031624	P81
860.77012	23.146	1	0.06005013171425625	P82
1572.19639	20.643	1	0.08693111235629017	P83
834.75464	23.095	1	0.01575491486415703	P84
520.33989	9.919	1	0.12207938298308135	P85
782.56724	19.44	1	0.20115415055287358	P86
906.60684	16.22	1	0.16853269000493618	P87
794.72337	22.738	1	-0.19822709027588284	P88
1566.14898	18.375	1	-0.06432707757817709	P89
720.59014	22.505	1	-0.0037217912796569095	P90
1564.13357	18.09	1	0.31457556309566537	P91
502.29279	9.651	1	0.1106552154881447	P92
922.78543	23.037	1	0.1724043917887845	P93
896.77001	22.705	1	-0.0021664115801993	P94
887.56492	15.506	0	0.48310215049540073	P95
820.58442	18.498	1	0.21183426554359136	P96
1540.13309	18.234	1	0.10548342512310087	P97
603.53438	19.296	1	0.04051561548090951	P98
636.55621	18.731	0	0.6660696869800389	P99
577.51875	19.187	1	0.08564686343354948	P100
812.65201	21.395	0	-0.5222303637251923	P101
824.61565	20.933	1	0.06064163637315771	P103
902.57572	15.006	1	0.11033923766104407	P104
520.50864	16.949	1	0.15890549540776486	P105
762.50642	16.138	1	-0.08576224797510591	P106
526.29278	9.716	1	0.056613915598219	P107
716.5227	17.295	1	0.09000932790985149	P108
339.28915	19.286	1	0.05026984718794659	P109
762.60039	23.069	1	-0.014259056148786723	P110
577.51887	23.786	1	-0.018657813000596175	P111
794.60535	19.171	1	0.1319763694400812	P112
836.7705	23.617	1	-0.09461627144054383	P113
1612.1338	17.857	0	0.5408732239766797	P116
864.80189	24.255	1	-0.009649488344381495	P117
932.86436	25.442	1	0.0537863452335127	P118
854.56909	17.306	1	-0.038363756876571446	P119
916.8328	24.354	1	-0.26644740461254474	P120
1570.18059	19.63	0	0.5556908989447584	P121
759.58769	15.952	1	-0.005964460584011629	P122
629.55033	16.219	1	0.09960716875422344	P123
842.72306	22.138	1	0.1165587272620705	P124
754.53826	17.306	1	-0.03318657396684083	P125
1511.17757	18.674	1	0.17255375519420152	P126
920.77005	22.592	1	0.095803090361597	P127
705.5907	17.291	1	-0.0561174173979564	P128
804.55119	18.175	0	0.4235395315085168	P129
924.80096	23.243	1	0.05748434958203053	P130
838.55928	15.439	1	0.11183158558227556	P133
701.55915	15.921	1	-0.1800263063333352	P135
836.54346	16.526	1	-0.16992688285694968	P136
603.5345	23.839	1	-0.14876195122343353	P137
738.50661	16.197	1	0.11322714759337879	P138
1589.13698	17.956	0	0.6719555978174228	P139
575.50319	18.524	1	0.059303729270921264	P140
778.5375	17.147	0	-0.4219912824655661	P141
894.75451	22.491	0	0.8552916407809305	P142
1528.04082	16.97	1	0.400416225305927	P143
811.66752	20.612	1	-0.1637032633102712	P144
1590.14843	18.246	1	0.18305131349335166	P145
750.54356	17.623	1	0.08881750253763007	P146
744.55418	17.791	1	0.022344316365063885	P147
868.73873	22.229	1	0.02604611710741149	P148
546.35252	11.942	1	0.13813152315879085	P149
482.32405	11.33	0	1.2964419185810356	P150
338.34204	13.961	1	-0.19531234407587705	P151
876.55998	14.83	0	0.5370319682081788	P152
1569.16833	19.048	0	1.3016663344156927	P153
1527.12109	18.281	1	-0.0020064479505822108	P154
1529.04472	17.005	0	-0.5507487128799582	P155
761.58895	20.554	1	0.1278465024809022	P156
770.56884	18.668	1	-0.06681026628819339	P157
1542.14804	18.594	1	-0.05840543135969106	P158
675.5435	15.566	1	-0.14450552938686245	P159
454.29275	10.136	1	-0.07232019398914968	P161
1494.14938	19.262	1	-0.014263275715227976	P162
906.84874	25.509	1	0.21368975182785033	P163
810.52837	15.897	1	-0.025003131948299832	P164
718.53841	17.97	1	-0.40947769310332155	P165
786.60112	21.605	0	0.7489772371584684	P166
546.35524	10.516	1	0.15248267511091512	P167
1614.14519	17.989	1	-0.025160609155336303	P168
577.51884	16.462	1	0.007408715913787992	P169
766.69225	22.189	1	-0.19523792245185004	P170
832.73905	22.607	1	-0.0631621881703445	P171
790.6924	21.821	1	-0.07968152235532967	P172
182.19038	0.915	1	-0.02345890985660232	P173
538.51931	16.949	1	0.136022685891227	P174
792.57516	16.342	1	0.03922827922355326	P175
1526.11756	18.277	1	-0.041110171861012616	P176
788.52189	16.464	1	0.040043279688449326	P177
744.55463	18.41	0	0.42851067738316057	P178
339.28917	16.344	1	0.0666014301875594	P180
812.61662	22.779	1	0.13797702733477982	P181
706.53842	17.942	1	-0.12331664609428489	P182
824.77051	23.924	1	-0.037174177955345535	P183
575.50317	23.226	1	-0.03874825440837615	P184
625.51915	15.007	1	0.05562239655785856	P185
1550.1175	18.086	0	0.456024096189646	P186
1561.19324	18.762	1	-0.0558090186585791	P187
784.51279	15.519	1	-0.16630567465915777	P188
958.88014	25.492	1	-0.2050859977960512	P189
658.54061	18.306	1	0.0926595071561185	P190
518.3213	10.516	1	0.13787081871868112	P191
487.35283	10.452	1	-0.085341482506119	P192
918.84918	25.019	1	-0.15616332126996088	P193
704.52287	17.212	1	-0.3615731751638281	P194
1616.15849	18.244	1	-0.31407915588860985	P195
582.50915	17.636	1	0.17364925744449453	P196
1625.23166	21.511	1	0.3962899583306099	P197
832.58241	19.886	1	0.4066158019624944	P198
724.52783	17.446	1	-0.04203662340689103	P199
1551.12138	18.166	1	0.2688625945989282	P200
369.35119	15.261	1	-0.1502756744728109	P201
834.59854	21.379	0	0.7881987165988715	P202
731.60629	17.811	1	-0.10123702397281367	P203
889.58052	16.221	1	0.11822913110193443	P204
886.78547	23.225	1	0.07340030060118695	P205
480.30893	10.485	0	0.4474520865637648	P206
447.38309	16.371	1	0.2750832680870257	P207
1562.11714	17.808	1	0.00822345023522311	P208
1594.17986	19.11	1	0.1373195641665405	P209
274.2747	7.805	1	0.08746909500327651	P210
1539.11995	17.93	1	-0.25651808245959357	P211
599.50333	14.831	1	0.3919969644573141	P212
1588.13333	17.956	1	0.23762422615979445	P213
773.58618	20.195	1	-0.02580955735215175	P214
828.55049	17.85	0	0.5949981512700776	P215
787.60442	21.337	0	0.530313316151511	P216
1568.16456	19.09	0	1.3561392424931875	P217
806.72359	22.533	1	-0.12143953925109115	P218
856.5846	17.746	1	-0.0007509753318662465	P219
1621.19956	19.783	1	0.20344129122042068	P220
1104.06375	17.465	1	0.09332234693154128	P221
770.56946	17.934	0	0.4223377148289529	P222
584.52488	18.371	1	0.1753071911442441	P223
848.61582	20.331	1	0.19127878320209943	P225
795.62922	21.394	1	-0.26929433093331573	P226
764.67669	21.723	1	-0.17237416369385253	P227
808.51271	15.451	0	-0.42105644574420487	P228
948.80119	23.073	1	-0.03347366943101714	P229
917.82787	23.949	1	-0.014481415533531678	P230
794.56944	17.772	1	0.2080970684668284	P231
339.28928	15.418	1	0.17521950093452995	P232
798.59826	20.636	1	0.0699473067862001	P233
385.27369	9.698	1	0.05129235342828655	P234
1575.12148	18.01	1	0.3571449105220522	P235
737.64126	16.879	1	0.017208967091239345	P236
858.75442	22.693	1	-0.026428979338517056	P237
720.55427	18.596	1	-0.09293181897220092	P238
1530.05567	17.15	1	0.19292495741650156	P239
954.84836	24.264	1	-0.2164484702906795	P240
808.73914	23.018	1	-0.16254198063634015	P241
1532.07147	17.307	0	0.7626610525529175	P242
648.62902	19.763	1	-0.08675386415470446	P243
818.56858	17.801	1	0.1440957388762555	P244
834.5285	15.849	0	-0.5911300326042171	P245
630.61824	19.75	1	-0.07048510360144687	P246
634.54059	18.455	0	0.5775589962222103	P247
339.28925	18.51	1	0.06261749751612361	P248
660.55629	18.578	1	0.04405940076396117	P249
1598.21141	21.268	1	0.028061669333842316	P250
666.60316	20.024	1	-0.03183144886823613	P251
860.61599	19.203	1	-0.09198412644606796	P252
684.55636	18.449	1	0.14761045677561913	P253
361.27388	9.639	1	0.09684270443595752	P254
766.55941	16.462	1	0.024484170851066998	P255
909.54628	15.535	0	0.5685487276284076	P256
790.55989	15.715	0	0.7047502649209627	P257
662.5717	19.228	1	-0.16640340507354984	P258
885.54895	15.014	1	0.1552777184281352	P259
836.54406	15.187	1	0.25977601629166175	P261
1543.15113	19.419	1	0.1781536046650236	P262
549.48755	23.161	1	-0.010119019003851886	P263
700.57237	15.716	1	0.04021804657997417	P264
794.5689	18.381	1	0.18207377378818998	P266
1480.04028	17.13	1	0.006107150210026648	P267
714.50681	16.33	1	-0.08899701376095985	P270
772.62159	22.921	1	-0.15518718048897542	P271
892.73909	22.068	1	-0.05758183297566502	P272
385.27354	15.312	1	0.12133769065008397	P273
608.52493	17.886	0	0.5976597020379638	P274
918.75474	22.179	1	0.13239210781710964	P275
729.59098	17.217	1	-0.10783217492310572	P276
764.54408	15.757	1	0.15082239862531371	P277
1680.51301	23.335	1	0.060826930075542324	P278
798.60013	19.211	1	0.31693463091040835	P279
1538.11576	17.943	1	0.283994643570842	P280
914.8168	23.798	1	-0.10065433449724363	P281
792.58999	18.812	1	0.04134733679483226	P282
1624.22823	21.509	0	0.418666068475998	P283
1207.07965	19.183	1	0.12871340569556936	P284
826.6322	22.674	1	-0.36043033789979234	P285
632.63393	20.535	1	-0.2664818301766313	P286
748.5278	17.298	1	-0.04642158139609709	P287
650.64469	20.461	1	-0.2724333017975412	P288
615.4958	18.525	1	0.11100953442475438	P289
1592.16424	18.687	1	-0.14805285232822735	P290
950.81668	23.408	1	-0.19716898422188445	P291
766.57382	18.573	1	0.034357222183322836	P292
544.33735	10.75	1	-0.3363102747217495	P293
775.54835	16.355	1	0.049451134650955006	P294
852.80109	24.662	1	-0.055145992470896785	P295
892.8331	24.988	1	-0.035885327050118786	P296
1560.19626	21.032	1	0.3947455124778019	P297
530.32396	10.586	1	-0.04384745809690647	P298
482.32458	9.843	1	0.03586902363644306	P299
313.27397	19.165	1	0.10498302652467255	P300
884.54414	14.953	1	-0.03067519093899588	P301
822.59968	19.083	1	0.10312167979557256	P302
818.605	19.015	1	0.05466824653548215	P303
494.32456	9.493	1	0.020068815330458994	P304
1499.17754	18.867	1	-0.2495207921556549	P305
782.56945	20.609	1	0.3224828959573132	P306
956.86412	24.84	1	-0.239003763347721	P307
814.55975	15.497	1	0.07127533074747434	P309
1537.10568	18.129	0	0.5410889465592548	P310
518.49311	16.21	1	-0.08868576053382764	P311
810.60118	21.236	0	0.4205383897662459	P312
813.68343	18	1	0.33814484025027064	P313
1576.13099	18.19	1	0.11922861614667007	P314
881.75666	23.964	0	0.5114625166438442	P315
1231.35121	11.087	1	0.028776113972881382	P316
946.78567	22.656	1	-0.028390895548010033	P317
601.519	18.742	1	0.2948576784739279	P318
368.42494	16.201	1	-0.14770052665222844	P319
643.52704	19.306	1	0.0715454532300669	P320
1512.10105	17.86	1	-0.28888478689923003	P321
549.48756	18.371	1	0.14967285417954077	P322
1620.19611	19.8	0	0.8065277039189378	P323
890.78023	22.343	1	-0.031584206333415986	P324
284.33198	11.586	1	-0.17566835001479725	P325
810.59923	23.545	1	-0.09550094775853891	P326
269.22708	19.79	1	-0.2831529753097473	P327
866.72319	21.995	1	0.08985077575913139	P328
1500.10163	18.07	1	-0.13693237259704927	P329
1259.11141	19.3	1	0.08519349076049247	P330
469.36507	15.195	1	-0.13278904395425445	P331
623.5034	16.964	1	0.13819234001525896	P332
830.56568	18.233	1	-0.091411743558765	P333
690.50719	16.905	1	-0.20970655178115535	P334
952.8324	23.785	1	-0.1477383890350474	P335
1599.12154	17.899	1	-0.1357389311600441	P336
752.5606	18.529	1	-0.22852986232406264	P337
575.50334	15.764	1	0.023370220903186776	P338
516.51398	17.452	1	0.1097791690979126	P339
859.53415	14.841	0	0.42714567656817587	P341
1617.16385	18.233	1	-0.05306487944026441	P342
742.56144	15.949	1	-0.014801365897747538	P343
821.53277	15.444	1	0.19639634404460926	P344
447.38317	15.272	1	-0.2343638049430851	P345
1464.10168	17.995	1	-0.13757772015171435	P346
1502.16531	16.914	1	0.10308420611986875	P347
725.55649	16.651	1	-0.09078946927245496	P348
510.356	11.138	1	0.24465373076800553	P350
1574.11732	17.979	0	0.765193140502643	P351
750.5072	16.398	1	-0.10105304507345732	P352
547.47194	17.636	1	0.1691348413567753	P353
533.32605	5.871	1	-0.035261042038256155	P354
1619.18404	19.124	1	0.25202371424577996	P355
796.7391	23.271	1	-0.13828636077607268	P358
460.26955	7.215	1	-0.2879328945406403	P359
719.56995	16.094	1	-0.23964478727817218	P360
894.40054	11.972	1	-0.1420831851138237	P361
462.26759	5.871	1	-0.04373044807676674	P363
617.51142	19.178	1	0.32481812935573523	P364
656.52494	17.62	1	0.23283811184636358	P365
879.74066	23.449	1	0.022141570270629032	P366
744.59215	20.389	1	-0.20957849023181596	P367
915.81201	23.449	1	0.06136504416143214	P368
1506.05522	17.231	1	0.1172891561279797	P370
1490.11668	18.271	1	-0.30585232445566135	P372
528.3091	10.094	1	-0.009173141667174953	P373
884.76979	22.895	1	0.26809690033388067	P374
878.56926	17.168	1	-0.40691865620575657	P375
1593.16762	18.785	0	0.5105621560149498	P376
787.67048	14.568	1	0.3763651723567733	P377
828.55342	16.945	0	-0.4645032806978149	P378
786.5038	16.959	1	0.2196769446123504	P379
601.51892	23.34	1	-0.0034204811224058528	P381
1561.19991	21.082	1	-0.22064913743750034	P382
621.54518	19.296	1	0.04418876117169094	P383
604.60259	19.713	1	0.1917168469251446	P384
1587.2153	21.411	1	0.02517194152576374	P385
728.52296	16.953	1	-0.08614988950325765	P386
759.63807	19.232	1	0.0021739921674993863	P389
724.63064	16.764	1	-0.3327500966061625	P390
506.49307	16.434	1	-0.11013209919261115	P391
759.57262	19.438	1	0.3485802688800775	P392
944.86491	25.081	1	-0.3005107208471745	P393
311.25835	18.512	1	0.10290179890737416	P395
944.7703	22.42	1	-0.05007328623067594	P396
802.53753	16.897	0	0.5574263695514305	P397
1639.15272	17.937	1	0.060654187071698805	P398
889.79642	23.344	1	0.1908628362148792	P400
840.70711	21.902	1	0.09310991197864757	P401
536.50377	16.219	1	-0.12396136318718894	P402
755.55639	15.84	1	-0.15500032128246286	P403
618.61825	20.136	1	-0.07050958988594398	P404
816.64895	21.331	0	-0.6134462176186625	P405
337.27397	15.433	1	0.15315066899038232	P406
603.53454	16.697	1	0.007297275104448811	P407
1552.12933	18.237	1	0.009890498772505567	P408
682.56141	15.716	1	0.044388861014044975	P409
282.27987	10.395	1	-0.15365940311228968	P410
1524.10074	17.89	1	0.1432173971412545	P411
566.32231	9.907	1	0.11963929108835315	P413
549.48765	15.468	1	-0.031608882324961486	P414
851.70957	22.875	1	0.06365204841415895	P415
991.67417	10.502	1	0.1893655090349269	P416
816.57528	16.2	1	0.10065188151601058	P417
814.56094	17.627	1	0.078999650702508	P418
892.79477	22.543	1	0.022160981820348966	P420
1577.13575	18.234	0	0.7355860212894809	P421
718.57483	19.188	1	-0.0959928266939153	P422
820.62049	21.191	1	-0.07247588265968541	P424
812.54432	15.286	1	0.12387402888576186	P425
785.58907	19.937	1	-0.06586332979284053	P426
636.62903	20.133	1	-0.10009092967662642	P427
1536.10226	18.086	0	0.8471664642129836	P428
813.68626	14.604	1	0.05426124246100345	P430
744.59082	19.231	1	0.01769281034130433	P431
911.56215	16.203	1	0.4130217634264486	P432
833.58586	21.321	1	-0.03153716989639815	P433
300.29032	10.422	1	-0.14680167138788186	P434
1233.09558	19.25	1	-0.08488540422365161	P435
337.27386	18.714	0	0.421507574739108	P436
836.61253	19.728	1	0.1700335284248498	P437
622.61335	19.704	1	0.11412810145740553	P438
448.29097	10.052	1	-0.22818380855153694	P439
822.56436	16.304	1	-0.09040842735329159	P440
830.72316	22.218	1	0.06230029460683763	P441
632.52497	17.711	0	0.4622092121802354	P442
362.23689	12.28	0	0.437959209904704	P443
583.32474	10.314	1	0.3782090840525528	P444
853.72553	23.327	1	0.39568762040498345	P445
1679.50955	23.336	1	0.094682030837978	P446
794.56608	19	0	-0.46426788880402026	P447
1502.11662	18.398	0	0.4832457668351334	P448
878.57626	15.346	1	-0.01772763089686278	P449
313.27402	18.417	1	-0.02347700898539748	P450
804.70798	22.08	1	-0.013223606011099724	P451
664.58758	19.508	1	-0.018424781986173894	P452
912.80089	23.375	1	-0.05860454095154215	P453
907.53131	15.008	1	0.05199592815353346	P454
766.65607	20.595	1	-0.0944900484586998	P455
1126.04564	17.478	1	0.0394379383067371	P456
587.46448	17.634	1	0.14877027941829918	P458
599.50342	17.12	1	0.3673112758113123	P460
327.22724	12.285	0	0.5622811293092239	P461
636.49634	17.388	0	-0.4524209995613422	P463
943.84463	24.094	1	-0.09724275638315917	P464
1623.21484	20.828	1	0.11246194389629251	P465
840.68541	21.392	0	-0.5699109408950046	P466
547.47183	22.654	1	-0.06285496296866214	P467
776.52223	16.602	1	0.08576199352363281	P469
754.53628	17.987	1	0.13487283811066503	P470
590.32196	9.993	1	-0.014266600291761465	P472
757.53804	16.35	1	0.022139037060410132	P473
864.76416	22.181	1	0.12104908660327732	P474
907.77192	24.07	1	-0.1812926705932765	P475
1600.13062	17.978	1	0.026674953190283374	P476
909.78789	24.68	1	0.05077407532725425	P477
738.66111	21.641	1	-0.12208131161831698	P478
1554.05702	17.088	1	0.16824265474961123	P479
264.26907	17.377	1	0.14401778973942256	P480
877.72511	22.978	1	0.2608983659586886	P481
1496.07092	17.424	1	-0.20726945816467945	P482
619.52962	18.746	0	1.0534592554032276	P483
1381.12465	19.333	1	0.13364504423444118	P484
1598.1173	17.877	1	-0.03168307536461372	P486
616.17687	15.274	1	-0.2777610881016742	P487
601.51901	15.317	1	-0.0900110284895734	P488
780.708	22.452	1	-0.1059485267639691	P489
798.54244	19.491	1	0.08292025005165976	P490
551.50296	23.859	1	0.012628960145265386	P491
1554.14688	18.77	1	-0.10404137051331255	P492
1578.14341	18.281	1	0.16668336463683403	P493
888.76461	22.26	1	-0.1337283131962067	P494
774.54266	17.456	1	-0.0519124628430595	P495
1491.1207	18.286	1	-0.12269122906706446	P496
844.65173	20.801	1	-0.0016582596480643188	P497
840.5748	16.098	1	0.20329914174802982	P498
1650.46627	22.83	1	-0.025839181229732385	P500
803.52261	15.443	1	0.08373533622378938	P501
1557.16794	19.067	1	0.07070974010718015	P502
641.5123	18.614	1	0.28193789834550076	P503
606.50922	17.485	1	0.20618826032015897	P504
812.61089	20.454	1	-0.019952273927952263	P505
897.73011	23.968	1	0.17866559187791503	P506
880.5918	15.443	1	0.043837223226402176	P507
1513.10501	17.905	1	0.27554169781406285	P508
752.52193	16.731	0	0.46816596024027474	P509
788.60806	21.504	1	0.03891818368947555	P510
818.63727	19.519	1	0.018843785287616106	P512
1654.49755	23.31	1	0.07353157243995986	P513
788.67464	21.467	1	-0.0394459852694765	P514
778.69236	21.994	1	-0.24773438621655755	P515
1550.19828	18.906	1	0.11702695220860329	P517
1645.19922	19.273	0	0.43188639091970965	P518
802.5357	17.714	1	0.11266543984418621	P519
1676.4819	22.872	1	0.0044235044539187845	P520
820.54855	16.504	1	-0.1150655115198221	P521
1579.14998	18.383	1	0.28410129723233196	P522
603.46671	12.28	1	0.3639956087274349	P523
856.73935	22.369	1	0.11929090019627206	P524
492.40484	15.408	1	0.15959539828735497	P525
608.46513	15.978	1	-0.13824877497716728	P526
625.51912	17.309	0	0.6474384580964785	P527
773.53264	15.718	1	0.28284607515726823	P528
538.38732	12.307	1	0.10161549756544137	P529
960.8961	26.438	1	0.21691128407113214	P530
366.37304	15.181	1	-0.17743730325955662	P531
526.31406	10.502	1	0.12099140215894512	P532
1581.07546	17.166	1	0.259044498273727	P533
892.59144	15.714	1	0.08134870306152774	P534
891.78388	22.342	1	0.12343326307591249	P535
934.63926	16.211	1	0.3015163574489108	P536
727.56645	20.316	1	0.02366629219458758	P537
838.78602	24.225	1	-0.09116376263033177	P538
860.54402	15.038	1	-0.05968751207456095	P539
862.55828	15.365	1	0.10733717915057495	P540
524.27552	9.626	1	0.09053337598037771	P541
819.51723	15.266	1	0.20408307084955127	P542
778.57399	18.696	1	-0.228357915517088	P543
627.53492	18.246	0	0.8045788321650085	P544
823.67806	22.333	1	0.11996187768677231	P545
1586.21043	21.365	1	0.1710805426528149	P546
556.49327	17.441	1	0.11085476771063253	P547
692.55891	18.981	1	-0.09659946435585383	P548
336.22141	11.96	1	0.3700285128373507	P550
747.517	15.422	1	0.2519745531614615	P551
834.52905	14.855	1	-0.00995548183559487	P552
825.69397	22.786	1	-0.07827801835987225	P553
624.55624	18.906	1	0.26976720543792393	P554
858.60021	18.449	1	-0.37578943076660476	P555
595.52941	19.185	1	0.12106700878800782	P556
916.79573	22.566	1	-0.0790258115492057	P558
788.51852	17.226	0	0.6402047251827864	P559
852.56077	14.912	1	0.1383049817187814	P560
882.75458	22.519	1	0.3431830565787266	P561
817.60922	21.332	0	-0.4239451935085575	P562
1536.18619	18.851	1	0.01250840029890385	P563
341.30524	11.324	0	1.0513761370188213	P565
880.83252	25.499	1	0.0028352442308301655	P566
849.69401	22.449	1	0.32953943366127314	P567
1618.18079	19.14	0	0.7689470176662356	P568
910.78542	23.02	0	-0.43382797000820367	P569
798.56385	16.992	1	-0.010485756871831361	P570
762.5044	17.135	1	0.3606115321323556	P571
593.51387	18.517	1	0.117880089083252	P572
605.5503	24.669	1	0.024539249276186167	P574
908.76991	22.749	1	-0.04068408810927717	P575
824.55767	20.707	1	0.22235961882955968	P577
788.54572	15.508	1	0.045198488538800055	P578
603.53471	15.461	1	-0.012119786394313124	P579
795.57228	19.007	1	-0.2908738652590073	P580
1577.2316	23.743	1	0.14896977166276637	P581
1263.17369	22.49	1	0.10092722339276872	P582
369.38426	12.753	1	-0.1008533950657419	P584
542.32329	9.733	1	0.10621742108315071	P585
718.57457	20.536	1	-0.06889679522825871	P586
369.35149	22.458	0	-1.1010508055890555	P587
524.50375	16.434	1	-0.07422465014233849	P588
389.30511	10.586	1	-0.13733570770941014	P589
601.51912	16.048	1	-0.014478038942418368	P590
627.53492	16.755	1	-0.010640951519031503	P591
881.51574	14.831	1	0.24221658688657136	P594
946.88092	25.851	1	0.01575457475408727	P595
228.19626	5.423	1	0.014443642282548368	P596
810.52876	14.847	1	0.1623185421228113	P597
631.46984	18.525	1	0.07167228549138904	P599
361.27416	8.755	1	0.40550113892963957	P600
1555.15099	18.735	1	0.3068933086371607	P601
1507.1521	19.256	1	0.08312584691340436	P602
492.47751	15.936	1	-0.14426859676822823	P603
1638.14892	17.939	1	-0.0016904766968050982	P604
580.49361	17.128	1	0.09294761301635664	P605
1528.13003	18.486	1	0.14984488794474338	P606
862.74877	22.074	1	-0.0866958999930063	P607
905.75637	23.56	1	-0.045569618619884546	P608
570.35588	10.511	1	-0.026739713425261935	P609
834.52546	16.726	1	0.038561528239742474	P610
1641.16769	18.263	1	-0.34425452944064155	P611
403.23294	10.052	1	-0.189119071303148	P612
573.48759	22.768	1	0.07125838084003981	P614
854.56653	18.038	1	0.002891776485229623	P615
900.56092	14.791	1	-0.0014463414292846613	P616
311.25849	15.271	1	0.2610337784416647	P617
838.55849	17.304	1	-0.043123794075975996	P618
887.78094	22.878	1	0.02375609805671016	P619
205.07968	1.062	1	-0.29918569766173636	P620
631.56611	24.676	1	-0.11361869812041796	P621
1624.45075	22.785	1	-0.04723517088422422	P622
1545.16507	19.198	1	-0.07970493980052966	P623
1576.22749	23.777	1	0.10293484483487031	P624
568.48546	16.786	1	0.08265406955078211	P625
1520.07054	17.277	1	-0.10415671311603453	P626
772.5488	16.429	1	-0.18570678946548647	P627
313.27434	10.108	1	-0.06615646207669788	P628
1003.58161	9.639	1	0.10066189206943997	P629
1545.07525	17.24	1	-0.241472278761494	P630
426.32179	7.312	1	-0.4136485668046342	P631
631.56553	20.044	1	-0.09400710664134779	P632
482.36094	11.072	1	-0.011332462805028318	P633
762.66017	21.253	1	0.02953734463351996	P634
548.27527	9.71	1	0.06360403378104414	P635
415.21187	7.214	1	-0.24260320201533664	P637
930.60672	15.862	1	0.398538826637116	P638
841.71173	21.886	1	0.2742421200014988	P639
502.49814	16.965	1	0.12345510603195257	P640
945.85997	24.735	1	0.006735216037873978	P641
768.70783	22.699	0	-0.6110430869566713	P642
814.69039	21.686	1	0.0001463435107365162	P643
1577.23141	24.733	0	0.684016630939371	P644
311.25842	17.638	1	0.2953275517609395	P645
918.81078	22.656	1	-0.000012187336131362335	P646
837.61606	19.519	1	0.03794795254854787	P647
616.60263	23.162	1	0.17499978184557996	P648
968.77052	22.26	1	0.3315417010503103	P649
504.30893	10.172	1	0.03423632839123179	P650
786.52887	16.103	1	-0.1758707446738619	P651
798.52979	16.29	1	-0.15094753345181333	P652
1611.21567	20.873	1	0.28478112261361543	P653
599.50355	15.564	1	0.05846213174235005	P654
934.88033	26.419	1	0.1407825962441012	P655
1510.08351	17.668	1	0.225789122504504	P657
550.38713	12.049	1	-0.027223215573610432	P658
857.7585	23.415	1	-0.15904005386652528	P659
1582.17578	19.139	1	-0.2680538377345222	P660
749.53188	16.45	1	-0.012145053159220839	P661
920.86483	25.818	1	0.22044439740052232	P662
908.62184	16.816	1	0.09053643052411742	P664
573.48763	17.891	0	0.9014936420910649	P665
829.71475	17.243	1	-0.05334268397998258	P666
842.59055	16.363	1	-0.22602908153517964	P667
970.78594	22.474	1	-0.037368197277442575	P668
1586.1163	17.781	0	0.46987367457859464	P669
540.53503	17.293	1	0.05283435315459061	P671
589.48018	18.37	1	0.3496536547047902	P672
913.79881	23.118	1	0.0364834432867751	P673
692.52266	17.726	1	-0.16188052037605938	P674
602.58693	18.931	1	0.11357030639753718	P675
895.71421	23.46	1	0.1849105483578475	P676
776.5582	18.218	1	-0.017782452986420744	P677
738.52864	15.468	1	0.1264801101406309	P678
925.7619	24.698	1	0.056708929170666035	P679
1506.1488	19.256	1	-0.02699133757286505	P680
846.6002	18.829	1	-0.07192593775961498	P681
1587.12063	17.814	0	0.5634452047735097	P682
615.53488	15.717	1	0.040605346610986776	P684
875.70976	22.612	0	0.46350147564799365	P685
387.28962	10.086	1	0.01539183595885144	P686
601.51898	17.56	1	0.16562092051891428	P687
870.66801	21.544	0	0.8707892531354501	P689
790.53439	18.182	0	0.8757116715163944	P690
387.28936	15.298	1	-0.038556459602786745	P691
796.58249	21.324	1	-0.02475010416949996	P692
796.52655	18.486	1	0.057308761669690386	P693
782.60474	20.407	1	-0.18333924235797322	P694
1560.10243	17.671	1	-0.0654973886803399	P696
738.54373	17.774	1	0.01877616736030638	P697
1469.01711	17.961	1	-0.10336481356342458	P699
918.60697	16.057	1	0.13789661089949948	P700
379.28206	11.673	0	-0.42889655509884345	P701
361.27386	15.387	1	0.08765133258362123	P702
736.49141	15.836	0	-1.1101128958333417	P703
941.82856	23.583	1	-0.18021393710944086	P704
546.28351	8.859	0	1.274216172765332	P705
1669.20023	19.17	1	0.3971740962228041	P706
928.5911	15.425	1	-0.1335979085736787	P707
508.37664	11.415	1	-0.0022353221929842814	P708
797.53239	15.533	1	0.2745200400711811	P709
774.56411	17.035	1	-0.07110357357202392	P711
942.7548	22.028	1	0.03700615370901544	P712
478.29347	9.637	1	0.13889000798767168	P713
705.55421	15.53	1	-0.1401210394988445	P714
504.30647	11.33	0	0.9884240902363438	P715
847.75839	23.567	1	-0.15749953405114805	P716
560.36915	12.311	0	0.47578791975429724	P718
214.25313	8.239	0	-0.48154861771848056	P719
736.64534	21.156	1	-0.04021092859904737	P720
790.56107	17.854	1	-0.10817835844405775	P721
846.75466	24.16	1	0.09407570144175843	P722
721.58487	16.037	1	-0.13125908777740836	P723
935.80336	24.741	0	-0.6947543898652666	P724
1467.09315	16.807	1	-0.05940109832154235	P725
770.60415	19.851	1	0.14641838564411333	P726
566.45446	15.52	1	0.008118555596787265	P728
659.50111	19.311	1	0.055727118120474275	P729
820.525	18.114	1	0.21859956064677466	P732
861.54886	15.195	1	-0.18425656518812833	P733
520.5088	15.706	1	0.07115493749344814	P734
1595.0906	17.239	1	0.05950813567002443	P735
575.50357	14.825	1	0.1979987169269382	P736
1548.10111	17.707	1	0.04649641495919006	P737
425.21494	10.054	1	-0.17318397902698024	P738
492.44111	15.184	1	-0.21119359046171146	P739
831.69407	20.862	1	-0.009676013587411781	P740
773.65353	22.711	1	-0.14559473317496985	P742
476.27523	10.148	1	-0.03326636969575258	P743
856.58197	19.143	1	0.2559668572031679	P744
834.57163	15.99	1	0.2364802004578084	P745
780.51775	15.565	0	-0.41834578154040003	P746
755.52271	15.729	1	0.2556116737137894	P747
638.57194	18.525	1	0.13110296965053372	P748
649.51938	17.167	1	0.009678688570997743	P749
686.57192	18.957	1	0.09838111789932766	P750
521.45618	22.589	1	-0.29265278744778345	P751
1581.16751	18.929	0	0.46731116816141166	P752
810.68118	18.613	1	-0.4161106352961254	P753
628.60258	19.157	0	-0.5022476982446961	P754
86.09682	20.569	1	-0.0481735459757128	P755
521.45648	17.451	1	0.07530274339356406	P756
790.57322	18.313	1	-0.06754532325294174	P757
1644.19585	19.256	1	0.33577442803883245	P758
552.40317	13.202	1	0.02803374630209484	P760
795.51678	15.449	1	0.29087885539893604	P761
776.58205	17.678	1	0.0562294189153172	P763
554.47792	16.723	1	0.2677447093005718	P764
732.58952	20.453	1	-0.14278180831463327	P765
576.46628	13.953	1	-0.062129057826882966	P766
369.35161	12.277	1	-0.17733889488633287	P767
617.51415	18.419	1	0.19416094854445357	P768
385.34637	15.331	0	0.5118286954084827	P769
792.67043	20.678	1	-0.32516303564091753	P770
1549.1052	17.707	1	-0.03677332801797355	P771
646.61315	19.127	1	-0.18618063422540715	P772
986.91213	26.42	1	-0.13675318016586124	P773
932.62257	16.289	1	0.26440516194628755	P774
797.6628	22.251	1	0.013881666164934995	P776
631.56599	16.829	1	0.025073232780505782	P777
822.52896	16.058	0	-1.2355073712123685	P778
533.32643	4.813	1	0.05484141435964887	P780
836.61266	21.429	1	0.05963148241932617	P781
1580.16106	18.859	0	0.5375718076644401	P782
790.61196	22.757	1	-0.013128105917631513	P783
867.68339	22.871	1	0.029961834610646363	P784
702.50728	16.563	1	0.10972835299538383	P785
1204.33536	22.973	1	0.11457926249009841	P786
1535.18342	20.695	1	-0.06205648932112563	P787
869.6991	23.345	0	0.8175666054324339	P788
560.50119	16.951	1	0.17979847824482323	P790
861.76568	22.796	1	-0.018201878342791925	P792
1580.07223	17.165	1	0.2236915219660142	P793
341.30527	10.349	1	0.35656760285899547	P794
1649.46294	22.831	1	0.020731432374525575	P795
867.74119	23.67	1	-0.00939031422725385	P797
903.74064	23.167	1	0.23044564110257834	P799
563.50304	23.514	1	-0.08745970707067496	P800
972.80089	22.798	1	0.018843383545815814	P801
915.74222	15.194	1	-0.20244603132508945	P802
664.66036	20.845	0	-1.073463653191471	P803
1587.20775	19.019	1	0.24463921992808293	P804
575.50303	17.275	1	0.04807581791740435	P805
914.78013	22.359	1	-0.3817883540318505	P806
1013.65642	10.508	0	0.6213870978138583	P807
620.59778	18.91	1	0.17791385209227611	P808
445.36769	14.965	1	-0.17113331852129576	P811
645.54541	19.103	1	0.19494092096668916	P813
824.57901	16.642	1	-0.24483926196707678	P814
625.51936	15.895	1	-0.06662585960020574	P815
502.29067	10.448	1	-0.4090254819357433	P816
858.59765	20.813	1	0.2802706603224698	P817
778.76494	24.164	1	-0.30763414202955075	P818
1524.1816	18.798	1	0.023575943973311524	P819
321.21025	12.281	0	0.5537853148163775	P820
1583.18033	19.12	0	0.4956005440599775	P821
1675.47827	22.873	1	0.050906483692204504	P822
184.0732	16.648	1	-0.13732276669282278	P823
590.48198	14.466	1	-0.031231661168341276	P825
880.71545	22.331	1	-0.3479925240824953	P826
1653.49414	23.312	1	0.048609629506113666	P828
586.49606	16.785	1	0.016824196734575747	P829
864.62207	17.855	1	0.412700156754568	P830
757.62142	17.997	1	-0.10478132505267874	P831
923.74579	24.091	1	0.29720044924546557	P832
548.37213	11.04	1	-0.13234683396311822	P833
1515.11562	16.662	1	-0.036769673790369016	P834
840.62043	18.095	1	0.30987057609757207	P836
360.324	13.962	1	-0.1390321696098437	P838
797.52832	16.345	1	0.13481681724243585	P840
826.59343	17.308	1	-0.2372524110511023	P841
339.28974	9.897	1	0.008697726124496933	P842
740.67657	22.159	1	-0.4160543789560239	P843
816.62159	18.482	1	0.25402372003657553	P844
643.52967	18.577	1	0.14580992686775252	P845
688.5873	19.193	1	0.31900860534270736	P846
334.20586	10.991	0	0.6825698181724527	P847
796.54856	16.586	1	-0.0791733294121934	P849
1576.22683	24.774	1	0.16544810695073095	P850
726.50715	16.542	1	-0.1089109226582467	P851
801.50741	15.219	1	0.11824018279050745	P852
369.35498	22.477	1	0.19966049933813762	P853
844.52457	17.855	1	0.1034355471704767	P854
678.50701	16.949	1	-0.24196106783042656	P855
782.569	23.454	1	0.3282472736729436	P857
915.81531	24.477	1	0.1432896419754696	P858
762.53245	15.253	0	0.419161082252581	P859
957.86716	24.806	1	-0.2293679162627403	P860
646.64956	20.841	0	-1.3001913470644353	P861
726.54343	17.775	1	0.015281028603342177	P862
531.4079	16.077	1	0.0442082495965806	P863
932.62144	15.538	0	0.5558059914544118	P864
1534.18036	20.659	1	-0.13403392300039746	P866
812.52134	16.243	1	-0.005137117516572005	P867
184.0735	19.048	1	0.39547143404298374	P868
464.28349	6.747	1	0.093031564217156	P869
788.54441	16.847	1	-0.2982468506050269	P870
589.51869	23.588	1	-0.06458934825108723	P871
883.77185	24.696	0	0.5235782917093897	P872
890.57598	15.24	0	0.42411513656970246	P873
764.63906	20.046	1	0.21537988251243292	P874
1523.17707	18.788	1	0.024533632001625456	P875
688.49166	15.991	1	-0.3148798474420937	P876
546.5244	17.223	1	0.014965162433840285	P877
818.65291	20.606	1	-0.11726583055308337	P878
480.27847	4.809	1	0.05661381715427361	P879
809.68426	16.506	1	-0.37904044181167057	P881
758.58241	15.957	1	0.011476141882313466	P883
577.51883	22.842	1	0.0830437090606937	P884
561.44943	17.451	1	0.030074260445580318	P885
901.80504	24.1	1	0.07473850245778453	P886
340.35754	15.066	1	-0.21517336545573298	P887
867.51754	14.987	1	-0.032692180588011696	P888
355.26361	7.311	0	-0.5188134610686171	P889
363.28948	15.363	1	0.07982197233898332	P890
573.48781	15.274	1	-0.31649969457961447	P891
785.58834	21.917	1	0.12429905836546458	P892
706.57434	19.677	1	-0.053831973419219706	P893
1522.08503	17.639	1	-0.014574261721788098	P894
778.50368	15.286	1	-0.12911621110370314	P895
1509.07498	17.424	1	0.12552865218437076	P896
510.48818	15.939	1	-0.22414424771718525	P897
895.77238	24.323	1	-0.1235902966402079	P899
760.58609	15.612	1	0.0663967957217222	P900
363.28943	16.173	1	0.06938306445990866	P903
982.87975	24.87	1	-0.14309990882408702	P904
1532.16251	19.293	1	-0.09383095930518555	P905
812.51372	17.185	1	0.018529482829618197	P906
671.55825	20.049	1	-0.044497589130507643	P907
1610.21163	20.808	0	0.7004128124026205	P909
852.55346	16.746	0	-0.5810599116794118	P910
852.55082	17.626	1	-0.11932282715474445	P911
855.74141	23.875	1	0.1633407701186563	P912
780.58896	19.022	1	-0.18072332875142297	P913
1426.39427	24.874	1	-0.0038613626417686327	P915
771.51766	15.391	0	0.6654051871003007	P916
301.21194	11.965	0	0.7673183684260605	P918
1588.21225	19.017	1	0.017585296379198936	P919
880.58485	17.641	1	-0.04122679405852142	P921
339.28957	10.495	0	0.4506959575834034	P922
445.36753	16.412	1	-0.024325098854832427	P923
822.54182	19.003	1	0.2442835654221654	P924
847.7558	22.366	1	0.09395755769057199	P925
339.28936	20.12	1	0.1372355421031377	P927
570.28371	8.943	1	0.11106362030218139	P928
1535.17697	18.697	1	-0.13206192274074774	P929
893.69881	22.984	1	0.12885101047876532	P930
975.64296	10.492	0	0.7022087782445149	P931
866.58995	16.408	1	-0.002267808796898844	P932
605.55004	19.97	1	-0.2286107355522905	P933
1510.12138	18.515	1	0.15903519221778692	P934
630.50919	17.397	1	0.24958558461067548	P935
605.55047	16.383	1	0.05645977917542571	P936
1511.08857	17.751	1	-0.2986803246255406	P937
1320.23991	23.178	0	-1.04755375168676	P938
1572.10265	17.689	0	0.4180545006752948	P939
1130.31618	22.445	0	0.6119620515091078	P940
860.73294	21.992	0	-0.7347359797494019	P944
621.30467	8.765	1	0.25039959187661326	P945
854.62647	21.108	1	0.18135247229788326	P946
633.48548	19.174	1	0.4125545032408882	P947
383.39981	13.964	1	-0.17514473525754234	P948
859.77391	23.952	1	-0.08524216355248941	P949
771.6371	18.861	1	-0.043266450575346664	P950
921.72999	23.565	1	0.21293393307365635	P952
1494.05331	17.209	1	-0.314222847722812	P953
1523.09	17.638	1	0.03232096015544561	P954
951.77755	24.756	1	-0.24216555003768278	P955
1559.17923	19.218	1	0.001708546969983108	P956
518.32501	9.295	1	-0.05474299074432217	P960
1684.54346	23.906	1	0.15502131915600426	P961
432.23856	7.216	1	-0.21471066241699735	P962
847.67834	22.109	0	0.45799430883480824	P963
453.31892	12.297	0	-0.4210702163162487	P966
758.56938	23.387	1	0.01875716378767804	P967
902.57799	16.19	1	-0.0033654258357919357	P968
980.86394	24.382	1	-0.11951775488331066	P969
250.17843	5.419	1	0.011270651567558132	P970
124.05873	0.507	1	0.1208580040742157	P972
353.26661	11.472	0	-0.44893271089234066	P974
1525.18769	18.971	1	0.06368423503165069	P975
1505.13353	18.647	1	0.3459434170778305	P976
729.5067	15.419	1	0.31055891092391086	P977
478.32929	10.501	1	0.3729858927722396	P978
938.78009	22.402	1	-0.008400737768870379	P979
598.54057	18.772	1	0.14967489340393872	P980
771.51443	16.421	1	0.13448148853720243	P981
812.69654	19.401	1	-0.14758488217449772	P982
1613.22887	21.643	1	0.2666528808054258	P983
800.57901	17.232	1	0.21999413537575305	P984
1573.10642	17.685	1	-0.003469560468248548	P985
698.25501	19.432	1	0.05147663313609571	P986
787.60432	23.78	1	0.12358966587565975	P987
551.50315	19.065	1	0.06015656433090138	P988
1456.89208	16.466	1	0.1759306972656044	P989
508.34044	10.124	1	-0.14254232260081406	P990
1561.10578	17.851	1	0.15824817241651418	P991
670.6108	19.764	1	-0.1708600623798223	P992
882.60725	16.396	1	0.02459927604821335	P993
605.55015	17.662	1	-0.3091172907900237	P994
886.74889	22.162	1	-0.2156880558929221	P995
367.3204	20.04	1	-0.09725149813309805	P996
752.67667	21.901	1	-0.22936578583531625	P997
848.5798	16.329	0	-1.120307827581135	P998
657.48551	18.733	0	0.4318222405285767	P1000
852.35464	15.901	1	-0.022563358824367878	P1001
577.51885	18.018	1	-0.3654809038547809	P1002
971.87549	24.741	1	-0.17778103537363574	P1003
784.58414	23.702	1	0.02122654548548482	P1004
712.49148	15.985	1	-0.16681568961759466	P1005
853.68138	21.396	1	-0.12090026903554417	P1006
872.7707	24.24	1	0.04200807391272151	P1007
858.76083	23.407	1	-0.0314928574189474	P1008
572.37158	10.984	1	-0.08108264779550119	P1009
937.81983	25.485	1	0.07308884858941657	P1010
1623.44712	22.787	1	-0.08662649192287708	P1011
850.57197	21.487	0	0.5419443278108006	P1012
184.07314	10.66	1	-0.1340009110265431	P1013
890.77968	23.01	1	-0.28952181473121524	P1015
613.51931	15.241	1	-0.007508983999581249	P1016
339.28935	17.635	1	0.12230113824813227	P1017
268.15525	3.176	0	0.5764379912584912	P1018
304.3006	10.058	1	0.051426606189494906	P1020
104.10536	23.705	1	0.3936649001853018	P1021
532.3389	11.159	1	0.07583115173379701	P1023
816.55278	17.443	1	0.21341638348374128	P1024
526.25904	5.034	0	-0.5615414708196315	P1025
1542.14736	19.535	1	-0.14311990112014886	P1026
843.51533	15.362	1	0.1129450964065691	P1030
650.44044	12.813	1	0.05335257046999533	P1031
727.57503	16.473	1	-0.15011605320453283	P1033
1050.74981	10.803	0	-0.5316787100232847	P1034
1560.18137	18.788	0	0.6146974864294031	P1036
842.63747	18.998	0	0.5088617371811075	P1037
974.81564	23.042	1	-0.12989396358651686	P1038
714.6187	22.047	0	-0.49358904558251887	P1039
1482.90768	16.523	1	-0.062298453267119684	P1041
944.86204	24.414	1	-0.2072638829708649	P1043
1602.14128	18.102	1	0.0849997059012316	P1044
1625.13621	17.954	1	0.27508965600754437	P1046
445.36755	15.445	1	-0.26194638019231326	P1047
328.3212	23.714	0	0.4484533900281964	P1048
623.50374	14.801	1	0.015943401734509213	P1049
684.16538	11.067	1	0.10446335328923796	P1050
104.10531	22.898	1	-0.024650587919452627	P1051
1513.19118	19.342	1	-0.09839662114014797	P1052
184.07319	9.861	1	0.13645428007528446	P1053
190.27275	19.389	1	0.06725130459465332	P1054
586.54053	19.069	1	0.13506100739989732	P1055
682.54058	17.83	1	0.1988853012854858	P1057
841.66867	22.776	1	0.05164271087721056	P1061
912.76458	22.202	1	-0.14168727115838303	P1062
879.81837	25.273	1	-0.060770598602307574	P1064
515.31288	10.51	1	0.29443491634128344	P1065
1043.7062	10.686	1	-0.1130899497597018	P1066
982.68685	10.481	1	0.024813664102621383	P1067
1665.16692	18.04	1	0.051370368342170375	P1068
1646.20566	19.735	1	0.28427625524003025	P1069
875.56467	15.717	1	-0.09756228359866205	P1071
603.29409	8.794	1	0.12423950448004069	P1072
1594.08708	17.246	1	-0.18432890514657174	P1073
1318.0681	17.418	1	-0.024692509297934925	P1074
601.33556	10.314	1	0.3096732865465616	P1075
986.91128	25.502	1	-0.050103634598267215	P1078
864.8383	25.616	1	-0.3020570287900945	P1080
752.5577	17.827	1	0.05048517129625037	P1081
437.19388	7.215	1	-0.1931100351237809	P1082
653.55029	15.864	0	0.7052308565612933	P1083
840.57348	17.635	1	-0.20480405907990504	P1084
759.21293	19.409	1	0.011008324129483106	P1085
862.62435	15.336	1	-0.3449963288825463	P1086
603.43846	17.638	1	0.20146709269944468	P1087
858.52529	16.522	1	0.06906422066657149	P1088
818.58964	16.742	1	0.1412226829413612	P1089
165.09103	15.274	1	-0.2622911095891198	P1090
868.65316	19.885	0	0.7488214076251024	P1091
940.79438	22.265	1	-0.14418418401863936	P1092
591.53426	24.258	1	-0.03383994844391726	P1093
821.66177	21.955	1	0.022257709210674468	P1095
229.14126	23.724	1	-0.07036147491758746	P1096
745.62251	18.59	1	-0.06972875095878599	P1097
464.37337	14.567	1	0.11177745751765668	P1098
892.81645	23.919	1	-0.22941426951835125	P1099
371.37109	23.506	0	-0.43943063207402205	P1101
866.77675	22.361	1	0.12050253955447893	P1102
115.09492	18.197	1	-0.07211502196974688	P1103
792.6307	24.076	1	0.1501080031448829	P1104
690.60304	19.705	1	0.04375214134760773	P1105
322.27216	10.375	1	-0.040477454722173414	P1107
577.51906	15.333	1	-0.04094791976878811	P1109
880.73992	22.225	1	0.13768195271799819	P1110
763.59534	20.925	1	0.000690385574549447	P1111
795.64815	21.818	1	0.07017964964076355	P1113
754.57148	18.393	1	-0.058207165891041114	P1114
916.38256	11.994	1	-0.381496888470386	P1115
976.8316	23.427	1	-0.20334726117207613	P1116
610.541	17.635	1	0.12376858435787043	P1118
391.3399	23.504	1	0.23502271849850573	P1119
269.22714	20.558	0	-0.47694189763637573	P1121
885.76559	22.477	1	0.37150948599372474	P1122
528.46229	16.476	1	0.06491808762438878	P1123
664.58741	18.73	0	0.6841714463499752	P1124
762.54334	17.642	1	-0.0471913455080717	P1125
672.62644	20.534	1	-0.2895691612007255	P1126
580.29223	10.5	0	0.5879807413431775	P1127
1668.19671	19.17	0	0.5581366571959504	P1129
405.37257	15.848	1	-0.31506049177325923	P1130
1683.5397	23.906	1	0.03194126733186335	P1131
813.61424	20.474	1	0.0430985853552466	P1132
702.5433	18.468	1	-0.22453524705491562	P1133
1409.21187	19.741	1	0.13187539737310874	P1134
906.75381	22.324	1	0.08967233595487896	P1135
207.15941	18.646	1	0.18522089665496783	P1137
866.58987	15.494	1	0.06651980218645702	P1138
610.58808	17.493	1	0.09478045437025558	P1139
312.36312	13.293	1	0.0333576811356926	P1140
766.57427	17.823	1	-0.05228576532247874	P1141
746.56941	19.917	1	0.19765477874264614	P1142
589.51876	18.915	0	0.45105671330900343	P1143
925.51298	15.515	1	0.40571507906975585	P1145
580.36155	11.133	1	-0.20961028170481627	P1146
638.33136	8.758	1	0.3096327466509164	P1147
722.55414	15.725	1	-0.1348156588190581	P1149
753.61304	22.987	1	-0.07476205297628097	P1152
590.49	17.456	1	0.3442721656603723	P1154
777.5074	15.282	1	0.11555240860364106	P1156
1533.16526	19.226	1	0.06316664731287143	P1157
832.24008	19.884	1	0.08888121308051626	P1158
651.53476	17.991	1	0.2738334766175174	P1159
165.09097	16.368	1	0.38749692821472576	P1160
340.39393	14.951	1	-0.17575646162146535	P1161
1485.07091	17.375	1	0.3839207998662403	P1162
800.57949	16.504	1	0.10920240497784707	P1163
1612.22219	21.376	1	0.08442553019931102	P1164
341.30516	19.282	1	0.29846895550919256	P1165
871.75492	22.28	1	0.15274683819604454	P1166
572.36907	12.091	1	0.01760122482770286	P1167
615.49807	17.702	1	0.08978168083092006	P1168
889.49987	14.944	1	-0.0562765372092535	P1169
1056.29708	21.888	1	0.2696698511127195	P1171
1479.16791	17.083	1	0.04446114791707717	P1172
745.55999	19.455	1	0.11572780705077046	P1173
942.84863	24.479	1	-0.248604817417007	P1174
1469.13655	19.247	1	-0.17428122893034043	P1176
836.73293	22.13	1	-0.16348474054115072	P1177
594.44954	15.322	1	-0.14164516234367194	P1179
623.50363	15.486	1	-0.2680098704003402	P1180
1578.1861	19.141	1	0.06896301011917944	P1181
251.04755	19.012	1	0.16185736416732718	P1182
545.45707	17.1	1	0.2233799745946289	P1183
861.77532	23.825	1	-0.12428506097000715	P1184
848.55563	19.866	0	0.6528981737622527	P1185
311.29484	23.197	1	0.04715454240196913	P1186
926.57619	14.952	1	0.18403588854684072	P1187
625.44837	12.285	0	0.5400237845697948	P1188
576.57132	18.856	1	0.1601600427822837	P1189
1518.14772	19.469	1	-0.0295658725368831	P1190
978.84804	23.836	1	-0.21844892517187808	P1192
904.59134	16.508	1	0.1507598805478648	P1193
616.60261	19.347	1	-0.0796785635034002	P1194
855.74243	22.988	1	-0.024403549334498027	P1195
862.82291	24.799	0	-0.5084114311952678	P1196
626.57174	19.515	1	-0.13340740527216213	P1197
1498.08376	17.742	1	0.25130744042579917	P1198
464.31392	11.27	0	1.121566973823522	P1201
1327.28356	23.148	1	-0.21947167870492554	P1202
832.51306	15.238	1	-0.2642694152484151	P1203
551.43439	11.957	1	0.3614490273358289	P1204
893.75671	23.736	1	-0.052165869653506794	P1205
1584.19683	20.52	1	0.3685531750841468	P1206
1470.02091	17.961	1	0.06384432950067291	P1208
377.24763	11.958	0	0.46809655309720255	P1209
1596.10334	17.555	1	0.08061893171884175	P1210
367.33974	23.242	0	0.5133987802263955	P1211
668.6347	23.169	0	-1.0063779027115987	P1212
919.57551	21.634	1	0.1557267479369376	P1213
114.08943	16.93	0	0.44694139201290084	P1214
1552.17024	19.109	1	0.33119077604104585	P1215
661.48015	17.62	1	-0.027085893255669777	P1216
769.63196	21.72	1	-0.03578712673792009	P1218
357.30034	11.69	0	-0.4914123157370484	P1220
850.55453	19.799	0	-0.6330235833114384	P1221
634.61341	19.341	1	-0.02909095549447399	P1222
846.59733	20.919	0	0.5669756844862429	P1224
794.68509	20.933	1	-0.10652515194206018	P1226
816.70058	20.576	1	-0.16534226417121153	P1227
351.22733	12.093	0	0.42737593419300746	P1228
652.58744	19.677	1	0.20753070403893903	P1229
1598.43535	22.756	1	-0.2805338610914256	P1230
611.1847	18.873	1	0.14926244905356326	P1233
686.55688	15.28	1	-0.1936465027154435	P1234
911.78271	22.694	1	0.22177895607355003	P1235
144.13853	19.205	1	-0.03241768413229908	P1237
425.26647	10.961	0	-1.1484186893614923	P1238
641.55066	16.065	0	1.044813392195522	P1239
953.79376	25.481	0	-0.4189678841773706	P1240
1526.19428	19.005	1	-0.21498472467744592	P1241
197.08073	21.393	0	-0.7871930414032543	P1242
638.57174	24.271	1	0.0014223588927760092	P1243
838.62771	21.256	1	0.1461000770547745	P1246
684.20284	18.961	1	0.20733179463279586	P1248
931.52857	15.649	1	0.06108978242136241	P1249
564.53503	17.224	1	0.21278348011179962	P1250
832.51029	15.914	1	-0.3932000662845761	P1251
264.26923	22.951	1	0.32075248795351574	P1252
774.5646	16.089	1	0.3331138734280226	P1255
865.66942	22.438	0	0.5365703575395072	P1256
1579.18965	19.143	1	0.057999392165607684	P1257
738.62438	19.932	1	-0.003037072938272642	P1258
907.58085	10.14	1	-0.02499267999069434	P1259
534.52416	23.027	1	0.2040920670244132	P1260
826.53228	17.408	1	0.08967779673249403	P1262
158.15418	19.745	0	0.4699445484271146	P1263
1624.13228	17.939	0	1.204080511981579	P1265
538.28168	5.871	1	0.024253592783806156	P1266
1554.18155	19.213	0	0.49059071778355323	P1267
814.534	17.942	0	0.4244655422560915	P1268
1478.11633	18.55	1	0.025852844947510414	P1269
787.66806	21.303	1	-0.13565928590782367	P1270
905.83163	24.297	1	-0.07113283360738366	P1271
1605.16636	18.704	1	-0.1412546414792359	P1274
771.57458	19.518	1	-0.02524584920164551	P1275
849.50761	14.96	1	0.0212503085789566	P1276
873.69401	22.206	1	0.1595132154276646	P1277
859.75041	22.353	1	0.09818828902504097	P1278
534.52427	24.12	1	-0.0783010101669166	P1279
363.28993	9.34	1	0.1175795712564461	P1281
811.67056	22.614	1	0.234674748719173	P1282
911.74651	24.328	1	0.29032704454953306	P1284
1490.06045	17.418	1	0.049860864223846744	P1285
776.57923	16.538	1	-0.15707680067112342	P1286
1597.10643	17.567	1	0.14585557398321702	P1288
441.2978	14.557	1	0.08266427243784681	P1289
873.77401	23.825	1	0.11747796032240429	P1291
925.7255	22.597	1	0.3196371282865507	P1293
936.80103	23.212	1	0.10187679622747055	P1294
806.60531	19.99	1	-0.03698054918716348	P1295
1594.17764	20.092	1	-0.15507707265996815	P1296
548.54016	17.956	1	-0.02944977542990367	P1299
651.5349	16.529	1	-0.10458346621493217	P1300
939.81342	23.209	1	-0.010914408466744066	P1302
786.5712	16.082	1	0.07044716503495255	P1304
721.50697	19.095	1	0.07699020723862067	P1305
592.47029	15.64	1	-0.04206989072958309	P1306
337.27407	17.838	1	0.37270424173191086	P1308
114.08957	19.985	1	0.21080163603047708	P1309
1625.08624	16.712	1	-0.10467497203981585	P1312
1609.10553	17.286	1	-0.12534241474136998	P1314
883.77348	23.516	1	0.055849714575041794	P1315
486.34706	10.461	1	-0.12998956754974675	P1316
611.46437	17.495	1	0.298986959168077	P1318
264.14501	0.506	1	-0.23579265625881127	P1319
1519.15016	19.259	1	0.05819773396125156	P1320
1595.18117	20.004	1	0.07996252885685357	P1322
722.51163	16.815	1	-0.02981966363125897	P1323
363.28983	10.165	1	0.055382579663019196	P1324
783.6368	18.335	1	-0.11446012890031274	P1325
1585.19911	20.459	1	0.34393759779507976	P1326
408.23004	10.666	1	0.1371958618325155	P1328
913.57632	16.013	1	0.32620446119091745	P1329
827.70979	23.28	1	0.043586869202433424	P1330
655.56606	16.428	1	0.18793237491075626	P1331
480.27841	5.872	1	-0.004238413437688493	P1335
599.50326	22.886	1	0.38859986575328687	P1337
825.58219	17.144	1	-0.21948803041037024	P1338
343.29595	6.941	1	-0.07355251260455016	P1339
899.74634	24.647	1	-0.021501465433155276	P1340
738.50508	17.301	1	0.0810739597098088	P1341
860.77453	24.011	1	-0.01064905589850742	P1342
1553.17391	19.107	1	0.04451578362367428	P1343
640.60324	22.487	0	-1.0483937615508274	P1344
658.40656	12.254	1	0.00969422058308645	P1345
774.59947	20.347	1	0.15183147582989842	P1346
500.27742	9.156	1	0.06468433748019607	P1347
920.62167	16.626	1	0.08468355510585492	P1348
1604.16111	18.618	1	-0.016307448658984414	P1349
752.63999	20.358	1	-0.12149214360454118	P1351
650.13849	12.132	1	0.02687108991237524	P1353
759.22243	19.057	1	0.07583689459264908	P1355
851.78385	23.565	1	-0.12027103646905757	P1356
597.48803	16.223	1	0.05856291454612606	P1357
690.61873	22.266	1	-0.38093791432714086	P1358
343.19486	11.479	1	0.008172096281005918	P1359
1277.35549	23.476	1	-0.09562769188588019	P1360
906.84196	24.834	1	-0.06592007206457096	P1361
504.51395	17.468	1	0.18678458778141283	P1362
850.59472	17.274	1	-0.2172157575444335	P1363
835.53388	14.822	1	0.2274059236538543	P1365
798.68098	18.989	1	-0.05966108470242896	P1366
733.55699	19.849	1	0.17622261746570214	P1368
963.64359	11.331	0	0.9074642801430705	P1369
1514.19477	19.318	1	-0.23853129507558557	P1370
736.51377	16.35	1	0.036574420116548906	P1372
1499.08911	17.739	1	0.10435682233114688	P1373
88.07605	19.978	1	0.15375879978810703	P1375
651.53477	15.425	1	0.04319943764076938	P1376
891.6836	22.631	0	0.4580600396831348	P1378
774.60009	22.948	1	-0.08837956154046635	P1379
519.44055	16.726	1	0.1647518748848451	P1380
800.61514	20.996	1	0.07659157239975334	P1381
889.80315	24.193	1	0.004337791613863067	P1382
1629.20398	19.169	0	0.4266118968245458	P1384
621.48789	16.108	1	-0.017202688125913537	P1385
899.70982	22.515	0	0.44464712277515106	P1387
468.30914	9.099	1	-0.04793345403441263	P1389
387.28924	16.068	1	0.27322334088794853	P1390
784.48457	16.11	1	-0.05344560028993518	P1391
364.25278	13.239	1	0.08773343872491565	P1393
620.39174	11.788	1	0.1221686305290215	P1395
781.53836	16.194	1	0.14364505504211048	P1396
592.46158	11.955	1	0.4062737641207341	P1398
755.56199	13.383	1	0.2689309314634133	P1399
219.32732	23.946	1	-0.014281360354438853	P1400
854.57735	15.342	1	0.08268765730788515	P1402
753.50694	15.346	1	0.2837007909296662	P1403
551.50332	16.315	1	-0.0251685173894459	P1404
808.61963	21.028	1	-0.40424587997065514	P1405
680.47996	23.359	1	-0.30069040892436677	P1406
1603.14711	18.221	1	0.1177160738009099	P1407
1664.16291	18.019	1	-0.15751752386918697	P1408
1597.19488	20.735	1	0.3049516403710263	P1409
343.28589	16.648	1	-0.11964654028532272	P1413
938.81579	23.489	1	0.02670969688303694	P1414
82.05283	23.717	1	-0.22503115307864482	P1415
1574.43381	26.576	1	-0.09630355922302185	P1416
848.57935	17.355	1	-0.06004693908800305	P1418
745.50185	15.252	1	0.20743372472406468	P1419
721.5021	15.317	0	0.4451394909786497	P1421
594.37736	11.359	1	-0.18255776454334882	P1423
846.67008	23.949	1	0.27540470679381385	P1424
835.75008	22.688	1	-0.07838395847655209	P1426
572.525	15.673	1	-0.0628133888886251	P1427
537.16588	18.283	1	-0.07763874219537331	P1428
907.84793	24.884	1	-0.20415466203296978	P1429
836.80659	24.773	1	-0.10316688655734052	P1430
620.49282	14.053	1	-0.0828277785044974	P1432
563.50318	18.778	1	0.13167067284230619	P1434
801.61937	23.386	1	-0.12591623290365433	P1435
1473.91896	16.471	1	-0.23758017781522323	P1438
901.72475	22.709	1	-0.14060487027122423	P1440
818.56633	18.853	1	-0.1570908331568878	P1441
865.72563	23.152	1	0.16659378436906178	P1442
589.48252	17.363	1	0.20830089603882906	P1444
813.35632	11.24	1	-0.07512044495271693	P1445
772.07654	19.55	1	-0.0990799775270402	P1446
977.83527	23.455	0	-0.5334010733203961	P1447
1647.21206	19.955	1	0.3800984193877996	P1449
643.2868	8.757	1	0.2968658751384435	P1450
824.54398	15.309	1	-0.13852620545922995	P1452
617.60578	22.993	1	0.028138594578391282	P1454
831.74259	23.347	1	-0.11369316166274414	P1455
898.78546	24.37	1	-0.07768393855929828	P1458
1097.49712	11.328	1	-0.09269976553488932	P1459
466.32954	11.832	1	-0.166255382555737	P1460
504.34421	10.762	1	-0.2624722025616539	P1461
889.76797	22.686	0	-1.0599734003330916	P1462
1593.16531	19.724	0	0.41806010220986484	P1463
1203.33656	22.971	1	-0.03252295798431592	P1464
286.31129	11.537	1	-0.14836848901347494	P1466
313.2741	16.239	1	-0.03993683876552899	P1467
271.1523	22.789	1	0.23961183110600645	P1468
1408.20851	19.744	0	-0.41616475969913375	P1469
273.2546	5.421	1	-0.0018925147742084069	P1470
1455.0271	16.94	0	-0.8138239316061421	P1471
118.12271	23.271	1	0.13479043410574879	P1472
326.37876	12.433	1	-0.25072897562902247	P1473
438.29809	10.554	1	-0.1089389186341285	P1475
832.58358	20.939	1	-0.16192110863920048	P1476
534.29568	10.512	0	0.6663892307579834	P1477
1479.11971	18.556	1	-0.06771375965713264	P1478
1597.43165	22.756	1	0.07310190237411378	P1479
1580.18062	19.137	0	0.5730837891240311	P1480
760.4884	15.999	1	0.023279137030520487	P1481
1573.19031	18.741	1	0.29046324270691193	P1482
411.36218	15.211	1	-0.20782688727706852	P1486
1499.93463	16.522	1	-0.010591896118228573	P1487
893.55929	20.895	1	0.269733167101373	P1488
226.18048	4.962	1	0.13053084348929817	P1489
826.55994	17.581	1	0.2212675858675068	P1490
834.71693	21.789	1	-0.3367468705209288	P1492
393.29892	11.873	1	-0.11780806517098102	P1495
802.68778	19.971	1	0.22756926262658506	P1496
1584.10257	17.871	1	0.14666515014965723	P1497
627.535	17.516	1	-0.08631686319945145	P1498
1504.06509	16.076	1	-0.26887857632527845	P1500
1560.10156	18.121	1	0.19930881323129448	P1501
594.58194	18.86	1	0.017820515710383514	P1503
1510.16689	18.672	1	0.13890942341279927	P1504
1636.131	17.751	1	0.19787448886376607	P1505
883.71517	23.676	1	-0.1935964185436676	P1507
556.53007	16.246	1	-0.18863695788059293	P1508
1501.41406	25.688	1	-0.27402549592086717	P1509
820.70083	21.099	1	-0.12242433911989886	P1510
885.78867	24.019	1	-0.09856794218680537	P1511
927.74066	23.04	0	0.4600846133260425	P1512
715.57435	16.532	1	-0.2526231927800824	P1513
758.60499	21.225	1	-0.1046192718554298	P1514
1351.37508	24.065	1	0.00825570009620195	P1518
579.53487	24.657	1	-0.09354771439516657	P1519
436.28256	10.141	1	-0.13686073889784156	P1522
440.41029	12.538	1	-0.38793157211015616	P1524
782.49754	15.283	1	-0.13053050049842524	P1525
1515.06379	17.304	1	-0.058893698482726006	P1526
771.64743	22.181	1	-0.0760889125891066	P1527
606.30812	10.679	1	-0.2821436694765567	P1528
1352.08041	18.517	1	0.2930270288943123	P1530
605.4542	18.366	1	-0.20863700950604477	P1531
921.78829	24.373	1	-0.15731017345179776	P1532
519.44046	22.207	1	-0.10811683516926149	P1533
129.13868	23.313	1	0.19120603260895674	P1534
105.11053	20.844	1	-0.16492662377350262	P1535
797.58708	19.571	1	-0.12791133171165348	P1536
1374.06252	18.538	1	0.0543270809378344	P1537
393.29881	10.869	1	0.2909120323402741	P1539
624.44806	13.524	1	0.16421985266848527	P1540
806.53406	15.422	1	-0.05772494268945277	P1542
772.58362	20.704	1	-0.12067086378563352	P1543
1294.22385	23.145	0	-0.6364145205415345	P1545
1628.08779	16.212	1	-0.29232599243791274	P1546
1202.33577	22.973	1	0.18240893105216183	P1548
718.58321	15.253	1	-0.06343570653930745	P1549
1592.1627	19.747	1	0.273817624781808	P1550
645.54294	19.976	1	-0.21670341241552024	P1551
821.74202	23.726	1	0.01235664339031233	P1552
137.0459	0.504	1	-0.045898733899819494	P1553
146.98033	22.711	0	0.46102162448253553	P1554
639.49836	17.621	1	0.17746551027659652	P1555
731.54372	19.404	1	0.07023967381117166	P1557
767.62881	19.203	1	0.014253225486693279	P1558
580.43436	14.553	1	-0.16911555238967146	P1560
775.6035	22.982	1	0.2637288146786462	P1561
615.6264	23.102	1	0.15714997063066208	P1562
876.56928	20.69	0	0.9351649985355188	P1563
929.5134	15.023	1	0.1226563820165988	P1564
748.54885	16.521	1	-0.24915226150353392	P1565
1585.10561	17.995	1	0.3307590664090875	P1566
1294.0678	17.477	1	0.33634421366518336	P1569
687.54323	15.462	1	-0.020494397251304322	P1570
158.15394	24.121	1	-0.04339295714798534	P1571
824.61427	21.755	1	-0.07905498862202733	P1573
1486.08317	17.877	1	0.03429240248514262	P1574
201.76889	17.851	0	0.7265630893802678	P1576
493.42501	16.479	1	0.01571619979915384	P1577
859.7619	23.385	1	-0.0869183189281571	P1578
115.05048	18.996	1	0.14630919873613735	P1582
911.80423	25.491	0	0.4390598014323406	P1583
537.16588	19.381	1	0.1270730659677375	P1584
847.29289	21.005	1	0.20317337569910074	P1588
468.30885	10.738	1	0.15511295422221066	P1589
368.35253	12.366	1	0.27353639516343203	P1590
1112.97741	17.441	1	0.07499494674965454	P1591
883.5314	15.247	1	0.17917653730248026	P1592
1624.08245	16.711	1	0.015535738296123926	P1594
793.50173	14.963	1	0.36139585532005747	P1595
802.59421	17.549	1	0.0034656708928308307	P1596
1072.73196	10.793	1	-0.08406607273943477	P1598
142.02653	13.081	1	-0.047732638852291995	P1601
244.19138	4.962	1	0.13366052162943975	P1602
1488.09922	17.982	0	-0.42126524357455986	P1606
874.5452	14.575	1	0.106070947007704	P1607
337.27436	9.536	1	0.19067517647900514	P1608
827.6353	23.749	1	0.16944369239671564	P1610
798.09201	20.7	0	0.7311265220116796	P1611
1610.11726	17.676	1	0.24953713015712925	P1612
808.70215	21.761	1	0.01654305672956186	P1614
452.27776	9.248	1	0.0416614205242415	P1619
780.55242	20.594	1	0.0731761542541924	P1622
96.08098	11.614	1	-0.07506485852553817	P1624
781.13286	18.074	1	0.07481767317451399	P1625
783.06763	19.614	1	0.15984712434896814	P1626
721.59349	24.392	1	-0.03090188760061279	P1627
822.63698	22.875	0	0.5600323016478829	P1628
846.54019	18.328	1	-0.02545455651756323	P1629
200.23719	8.083	0	-0.4313560014947585	P1630
1276.35486	23.472	1	-0.052624988542065786	P1631
339.28962	11.695	1	-0.4002110209371872	P1632
1620.42024	22.335	1	0.15413421206421896	P1633
809.08319	20.722	0	1.014429115967795	P1635
1611.1219	17.708	1	0.2710093890160279	P1636
646.40832	12.262	1	-0.030380467224473098	P1637
490.42541	15.68	1	0.24672868965116068	P1638
273.16817	19.712	1	-0.11327855688102094	P1641
800.61594	24.34	1	0.13474610616581933	P1644
229.14138	16.601	1	-0.15531826275191402	P1646
717.55351	15.332	1	-0.1566066797806518	P1648
565.48239	17.638	1	0.19683016629092773	P1649
1604.19746	19.156	1	0.2717230896200827	P1650
752.60729	19.882	1	-0.2942901610090715	P1652
820.6057	17.463	1	-0.1630020104041916	P1653
666.61866	22.592	0	-0.5968577703415	P1655
666.43503	12.038	1	-0.029569407565804416	P1657
806.49471	15.498	1	-0.06576551117887183	P1658
559.43305	16.731	1	0.40450257764903547	P1659
927.77848	25.492	1	0.22130392576075916	P1660
1129.31755	22.447	0	0.6004019710841121	P1661
1548.19215	21.216	0	-0.831533185502619	P1662
603.53456	18.43	1	0.41108744696615174	P1663
864.76433	22.954	1	-0.17955542449684306	P1665
779.52351	15.521	1	0.16261014663606074	P1666
839.70988	23.071	1	0.1981673166506282	P1669
1373.05899	18.533	1	0.10971616029990462	P1670
575.50317	24.043	1	0.02357769853782249	P1672
748.58431	21.937	1	-0.09490430242399249	P1673
820.58209	20.009	1	0.2991377856313006	P1674
1556.10063	17.773	1	0.06281784163869429	P1675
1557.10726	17.785	1	0.15199125779303893	P1677
1495.05538	17.21	1	0.276795240301285	P1678
1609.1972	20.076	1	0.21858784782347573	P1679
839.63542	24.076	1	-0.19384289171275118	P1680
1518.05528	17.112	1	-0.17305285030487727	P1681
1326.27998	23.156	1	-0.13050646907782426	P1682
663.45338	17.044	1	0.13829717948501563	P1683
757.19855	18.478	1	0.20636699119547394	P1684
1652.08952	16.113	1	-0.019823897977812147	P1687
760.5153	15.64	1	-0.18277537866537857	P1690
623.31767	10.315	1	0.3662158724039222	P1691
510.39253	12.49	1	-0.09418647517909509	P1692
411.36209	16.371	1	0.2169292707348846	P1693
195.76896	18.093	1	0.2424207741437373	P1694
805.06531	17.852	1	0.06552518340297313	P1695
856.51325	15.124	1	-0.26395067627135377	P1696
293.17942	10.991	1	0.2150384793136383	P1698
189.76892	18.484	0	1.2386315308983915	P1699
757.55778	20.635	1	0.22605331809690554	P1700
330.27973	9.641	1	0.08017140027174989	P1701
836.54212	17.457	1	-0.003223398230930361	P1704
1594.40458	22.295	1	-0.023133460434703438	P1707
480.2784	13.381	1	0.36230697947766144	P1709
453.168	7.215	1	-0.2058774983738098	P1711
367.19468	11.48	1	-0.01328661088830621	P1712
511.30382	9.802	1	-0.049613087523015055	P1713
1621.1066	17.308	1	0.03468384021299911	P1714
441.25272	11.647	0	-0.43030752619258583	P1715
573.48777	16.362	1	-0.2527509897424272	P1716
1608.19334	19.994	1	0.07569732523732144	P1717
700.52753	17.633	1	0.09502635133555143	P1718
388.34197	17.357	1	-0.16951997452804413	P1720
740.64022	20.479	1	0.016539650355152216	P1724
781.59252	19.329	1	0.3668769554578798	P1727
1574.19407	18.733	1	0.10761044536694601	P1728
388.3418	23.936	1	-0.08520600831309087	P1729
419.31556	19.373	1	-0.08066639370250055	P1730
664.49094	16.667	1	-0.05737468401680881	P1731
1555.18824	19.222	1	0.06150078475416274	P1734
888.80232	24.694	1	0.21207999225572846	P1735
224.10011	3.168	1	0.03671968350768755	P1736
1602.18396	19.145	1	0.15247814803219187	P1737
184.07327	23.483	1	-0.01302094226477405	P1738
359.25827	15.269	1	-0.12282482365930487	P1739
1491.06126	17.415	1	-0.008055938066818681	P1740
841.49992	15.128	1	0.09209587463223687	P1741
1128.31684	22.447	1	0.2761219982306443	P1742
1628.48128	23.285	1	-0.0029672513603580066	P1743
192.13842	16.726	1	0.008270424450359052	P1744
517.33144	6.705	1	0.03724483219594276	P1745
769.49899	15.565	0	0.5080417352075469	P1746
759.57273	23.404	0	0.5789980413371146	P1747
606.47726	13.797	1	-0.09140294533808463	P1749
747.57273	20.046	1	0.02903612734196898	P1752
215.12563	16.88	1	0.12403439654627312	P1754
506.36005	11.867	1	0.039256117259179976	P1755
736.63475	16.893	1	-0.0377240459216088	P1757
846.56386	16.554	1	-0.13633612942319484	P1758
613.61071	23.508	1	0.22683604113781375	P1760
196.16445	20.009	1	-0.069152452047166	P1762
756.55308	20.207	1	0.008704860424821936	P1763
1626.13882	17.965	1	0.3307001907699484	P1764
1454.02395	16.927	1	-0.07662375917666227	P1767
399.34657	23.409	1	0.2893191382508178	P1768
749.54874	20.32	1	0.05886597723405124	P1769
562.32704	11.921	1	0.03314440717297883	P1770
873.54819	15.24	1	0.029628398143278282	P1771
658.6107	20.138	1	-0.15222837730846317	P1772
373.21155	11.484	1	0.0552803510156063	P1773
1279.82634	16.662	1	-0.22670921962358612	P1774
677.55925	16.052	1	-0.22728110541709734	P1776
368.42474	23.763	1	-0.0666783555321125	P1777
573.41663	11.96	0	0.756057507635735	P1779
628.6025	24.237	1	0.05323948564467335	P1780
1589.21389	19.025	0	-0.5288763305849106	P1783
1537.05334	16.393	1	0.12953447526172118	P1786
786.52916	14.963	1	-0.027524619799043235	P1787
612.55572	20.49	1	-0.057551127642357355	P1794
508.34064	11.502	1	0.26347604048574386	P1795
817.55802	17.758	0	0.4238307978930425	P1797
1637.13665	17.75	1	0.3948367708320666	P1798
319.19492	11.496	0	1.0833560771917892	P1799
469.34218	10.462	1	-0.11815560390297154	P1802
617.54999	24.33	1	-0.16700387303711933	P1803
767.59317	16.396	1	-0.24685770020635173	P1804
313.2741	15.326	1	0.12971042382681697	P1806
668.54599	15.28	1	-0.12045457531901604	P1807
681.48355	24.148	1	0.09367584428205318	P1810
254.22318	23.474	1	0.053576233958096894	P1811
561.48745	22.981	1	0.018145096685557298	P1812
829.72675	22.915	1	-0.04029563865520678	P1813
865.65137	22.399	1	0.28877232912989736	P1814
558.48624	16.212	1	-0.014678098845482546	P1815
658.53972	17.422	1	0.09427317385112353	P1816
918.83705	25.472	1	0.18721190203036617	P1818
341.305	15.526	1	0.39593190374251086	P1820
280.09734	17.208	1	-0.3829887831075186	P1821
764.52185	15.262	1	-0.330368768647512	P1822
295.1942	11.959	0	0.4237404843907783	P1823
631.46553	12.289	0	0.43202111377448776	P1824
384.34683	23.051	1	0.1206489968807222	P1825
785.1532	20.666	1	0.007927929874375792	P1826
1332.08361	17.478	1	0.23191146369698154	P1827
94.06529	23.593	1	0.20806218190651726	P1828
798.52868	15.201	1	-0.2875451955726467	P1829
100.07591	17.312	1	-0.0935667782602085	P1830
578.522	22.638	1	-0.05030512139045521	P1831
124.08243	23.928	1	0.19421362461365319	P1832
1695.07234	15.462	1	-0.3721143062663309	P1833
789.61582	22.401	1	-0.021189497370641477	P1834
743.54393	18.483	1	0.00416813905926152	P1836
601.51904	24.189	1	0.02245429201496222	P1837
919.71421	23.163	1	0.1413831176721765	P1838
629.5506	24.131	1	-0.07510968783732337	P1839
1350.37404	24.057	1	0.1919772856391202	P1841
1587.08216	16.531	1	-0.07915851285260861	P1842
778.56053	16.015	1	-0.018869765429924287	P1843
1528.16939	19.201	1	-0.19804084337174574	P1844
864.78423	23.292	1	-0.12497324447025962	P1845
776.74937	22.111	1	0.3080000838361433	P1846
1605.20248	19.159	1	0.22380439850177208	P1847
511.28334	12.278	1	-0.12033283741494714	P1848
888.64852	22.015	1	-0.12960445827725584	P1849
873.77268	22.474	1	0.04683724390152464	P1852
485.36052	14.668	1	-0.3660239730192822	P1854
206.19295	23.056	1	0.0801423483605436	P1855
284.29557	10.804	1	-0.33438332527648307	P1857
493.42477	22.135	1	-0.22374276805628737	P1858
933.544	16.175	1	-0.0026002451905867657	P1859
937.80157	23.052	1	-0.013884223486795187	P1861
865.65078	23.263	1	-0.07430255078897861	P1862
1351.07708	18.516	1	0.076353776387979	P1863
462.29807	10.492	1	0.1573779021551771	P1864
537.16591	18.927	1	0.031049520336809203	P1865
799.66771	21.029	1	0.15611144879803304	P1866
229.14152	20.426	1	-0.19839902991172437	P1867
1571.18047	20.528	1	0.24642622892762625	P1868
490.46182	15.27	1	-0.1199813067313556	P1869
114.08943	20.767	1	0.10358438575529826	P1870
549.48741	16.864	0	-0.5348207506873742	P1874
383.33073	15.117	1	-0.26386864734065796	P1875
500.48259	16.213	1	-0.17105209773556257	P1876
1055.29852	21.886	1	0.345730338833213	P1878
202.18007	23.778	1	0.28393011013035885	P1879
498.28333	9.356	1	-0.14798113930768594	P1881
540.23976	9.642	1	0.18978588323514467	P1883
563.50351	15.989	1	0.12757674368295305	P1886
609.48407	12.285	0	0.5476336697400915	P1887
218.22296	17.155	0	0.5204799545132747	P1890
1551.18885	16.79	1	-0.0050567074659947035	P1891
184.16957	23.589	1	0.27075838622631315	P1892
381.33429	24.33	1	0.2555010527169629	P1893
1558.09142	17.611	1	0.1358468179860481	P1895
888.56353	15.203	1	-0.0538432842837754	P1896
604.49718	14.92	1	0.05597956378142821	P1897
1575.43361	26.574	1	-0.0032464153900999917	P1898
871.57118	15.271	0	0.5011956171728255	P1900
676.49142	16.326	1	-0.11634251180895658	P1901
393.35542	22.569	1	0.32702612376363177	P1902
783.57299	23.532	1	-0.06764666327832278	P1903
686.20148	18.07	1	-0.16156580113119198	P1905
1333.08744	17.475	1	0.23529007093980475	P1906
403.28445	10.932	0	-0.6853953487261311	P1907
512.41647	9.446	1	-0.2009193389272023	P1910
871.71491	24.015	1	0.10170931590797672	P1911
158.02704	23.483	1	0.2690560281848679	P1912
269.22706	17.474	1	-0.08875672912266919	P1913
1529.17285	19.2	1	-0.15651015159107212	P1914
1452.10255	16.585	1	-0.10090824794162048	P1915
1054.29782	21.888	1	0.2691390139187249	P1916
104.10526	21.565	1	0.1619115950282953	P1917
756.55297	21.277	1	0.1775069752337834	P1918
144.13829	23.518	1	-0.047445984622825794	P1920
931.77153	23.733	1	-0.1728490779516869	P1922
1519.05799	17.116	1	0.19349825976122728	P1923
237.11664	0.504	1	-0.28574816552064497	P1925
385.27416	8.935	1	0.0735584083127859	P1928
857.73417	22.057	1	-0.027561526227433457	P1931
1425.39534	24.876	1	0.055870370824713175	P1932
906.25933	20.601	1	0.02202225766300082	P1933
1489.10384	17.956	1	-0.2369357373858978	P1934
602.58689	24.44	1	0.02948402280487789	P1936
814.68749	22.777	1	-0.05361269558583218	P1937
356.35222	24.604	1	0.19762874368365776	P1938
806.56873	16.632	1	0.02951609001070458	P1940
1603.18738	19.138	1	0.13818543562622387	P1941
1608.10223	17.289	1	0.07256285396303057	P1942
1574.20391	21.544	1	-0.12369633492753326	P1943
687.53242	20.043	1	0.08879780333283244	P1944
908.8639	26.479	1	-0.3718371112235812	P1946
282.27957	17.377	1	0.10004315308324932	P1947
627.53476	23.635	1	0.26379703680414335	P1948
95.06055	23.654	1	0.3902594454261116	P1949
325.274	15.256	1	0.08593783455263818	P1951
426.32186	6.598	1	-0.08334514122806308	P1952
784.54851	16.671	1	0.03895698121400055	P1953
634.5386	17.576	1	0.408036857298326	P1954
754.50486	15.32	1	-0.17995216089811164	P1955
888.87458	24.769	0	0.49778345561461523	P1956
158.15397	22.951	1	-0.08552472605303602	P1959
590.58676	22.715	1	0.1602569799603163	P1965
468.39013	9.32	1	-0.2047249496102078	P1969
623.46643	16.985	1	0.2778577959541519	P1971
219.04754	1.812	1	-0.17992213389390072	P1972
252.21765	0.569	1	0.3439126073928205	P1973
472.3548	14.835	1	-0.1358777557613606	P1975
940.8317	23.925	1	-0.11526119210726812	P1980
663.5748	22.002	1	0.10730754767522172	P1981
628.29268	9.935	1	0.19798369045174977	P1984
967.84337	23.708	1	-0.06349294716231332	P1986
800.54373	15.318	1	-0.22819879426910064	P1987
891.81867	24.958	1	-0.13047398393575885	P1989
269.22737	11.134	1	0.013660684871246992	P1991
662.64442	20.153	1	-0.11388613427661803	P1992
980.27846	21.273	1	0.28868938718999326	P1993
230.24838	7.865	1	0.10862657863500638	P1994
1302.0357	16.958	1	0.4138133323278078	P1995
838.60537	17.709	1	0.03523539995503087	P1997
547.40368	10.99	1	0.16725741838989672	P1998
1601.06518	16.752	1	0.07085298141531703	P1999
864.64032	21.918	1	-0.23187957560694422	P2000
309.22749	22.872	1	0.026899807233150053	P2004
399.34684	20.225	1	-0.07871956739580988	P2007
746.50938	17.441	1	0.0503959994661244	P2008
686.20129	22.471	1	0.042535832729423795	P2009
618.61764	24.638	1	0.2307470292301872	P2010
818.06046	17.85	1	0.3015149118209021	P2011
890.81729	25.241	1	0.24187133545170647	P2013
711.54107	16.192	1	-0.1904836564702145	P2014
1436.23946	20.539	1	0.026351193783589816	P2015
192.13826	23.514	1	-0.13187583257402127	P2017
656.50974	16.139	1	0.2382802069346812	P2018
772.61369	20.593	1	-0.2325024564121675	P2019
842.59047	15.533	1	-0.036034360630784364	P2021
408.22949	24.032	1	-0.03658738746962205	P2023
658.54016	22.046	1	0.10548542255924347	P2025
979.85153	23.821	1	-0.17084103890634633	P2028
150.02684	20.542	1	-0.2159095408796383	P2029
923.49755	15.006	1	0.10504712602503721	P2030
730.57451	19.818	1	-0.263094460297484	P2031
915.59632	16.35	1	0.3172756929293547	P2032
818.58996	15.688	1	0.16844179825043185	P2036
1538.05705	16.434	1	-0.05131725438224008	P2037
738.5067	15.225	1	-0.4068711983752641	P2038
335.25839	15.332	1	0.018150949794706515	P2039
106.06517	23.991	1	0.036821704620984254	P2041
516.30674	9.511	1	0.022763559148229483	P2042
883.75023	22.15	1	0.15655666833243545	P2045
598.59193	23.909	1	-0.15789823839449418	P2046
820.60431	16.348	1	-0.0872163401578484	P2048
907.77364	24.988	1	-0.26112602578409544	P2050
862.55848	16.645	0	-0.7324509977809148	P2051
178.05818	3.165	1	0.03280062087500374	P2052
837.61876	21.668	1	0.10200712577504306	P2053
664.45685	19.548	1	0.008228698997685049	P2054
943.84493	24.916	1	-0.3331821912652951	P2056
1635.11852	17.795	1	0.38366339345958755	P2057
239.14914	24.099	1	0.06142718701820895	P2060
89.07115	23.474	1	0.1697244940336384	P2061
1437.24307	20.539	1	0.08949003802125347	P2062
555.29385	9.227	1	0.08043692403199354	P2063
774.59993	23.972	1	0.18711944731512406	P2064
500.30474	6.779	1	0.16831469036596547	P2065
772.27378	20.269	1	0.03730274431728822	P2068
356.31579	24.328	1	-0.02941373433589889	P2069
713.54999	21.393	0	-0.8775510263117173	P2071
929.83616	24.824	1	-0.06454125253905232	P2073
538.42369	13.952	1	0.028180305600378854	P2074
814.59483	17.31	1	0.35610065394072954	P2076
1568.07076	17.151	1	-0.22741077581914435	P2078
1634.11546	17.761	1	0.13434322326052336	P2080
437.34522	24.502	1	0.04461385177487544	P2081
783.59385	14.302	1	0.24368361846940795	P2084
508.47248	15.292	1	-0.32360791917521536	P2085
864.6481	24.571	1	0.37393265192056285	P2088
389.25057	22.251	1	0.2632188418775354	P2091
866.63691	18.325	1	-0.046836585230835004	P2092
830.72989	22.867	1	0.12833826154945485	P2094
649.51913	15.231	0	-0.8495382646632581	P2096
349.21179	11.483	1	0.12876497297597855	P2099
1600.06142	16.75	0	0.57033860075062	P2100
284.33177	16.391	1	0.11862333159133437	P2104
281.24797	24.393	1	0.16843560392600335	P2106
1627.08481	16.241	1	0.0577193672326032	P2108
686.20146	24.185	1	0.014043511819547862	P2109
537.57002	23.214	1	0.18153867592072373	P2110
526.32847	9.935	1	0.1104029344251437	P2112
822.62924	21.36	1	-0.12460313075235463	P2114
1514.06057	17.309	1	-0.054514133606257724	P2115
141.00032	24.132	0	0.46738930281439556	P2116
748.58574	19.97	1	0.2986086090721362	P2117
544.50876	16.481	1	0.028399483860856972	P2119
731.52249	16.25	1	0.050503367967280506	P2120
842.62622	18.243	1	0.05557198890748605	P2121
300.29041	12.282	1	0.4057484888534228	P2126
879.74211	24.744	1	-0.17401794892651923	P2128
758.22186	24.257	1	0.3565588364167165	P2129
192.21751	18.934	1	-0.3514568729523926	P2130
916.59172	15.344	1	0.10359900134245831	P2131
304.30022	22.677	1	0.021289220152099858	P2132
168.12305	23.565	1	0.19235040315336582	P2134
813.68603	12.162	1	0.12216742689904007	P2135
581.30941	9.625	1	-0.0592616892680487	P2136
602.56184	17.767	1	-0.004132092638622894	P2138
648.42392	11.973	1	-0.30996620105758255	P2139
229.14126	15.226	1	0.05020168868535797	P2141
617.60586	24.178	1	0.06956923161497655	P2142
310.31104	11.33	0	1.0428936608463069	P2143
837.69402	22.605	1	0.09700046605258036	P2145
656.58187	22.412	1	0.027478515443086125	P2148
224.18576	22.352	1	0.02253712972102555	P2149
256.2643	7.782	1	-0.058901708131558594	P2151
545.45632	22.319	1	0.26040810529980113	P2153
644.63374	20.174	1	-0.1293888014873529	P2156
795.57319	20.272	1	0.10738656487153612	P2157
202.18019	17.127	1	-0.043568817604095235	P2161
645.54515	15.711	1	0.17263335550545186	P2162
661.52802	15.666	1	-0.08823817001923973	P2165
605.3097	9.404	1	-0.0007465175431046006	P2166
449.33725	16.415	1	0.029202762758858643	P2168
138.09131	23.524	1	0.3005674920422153	P2169
341.30511	19.981	1	0.003017053907011477	P2170
488.48253	16.425	1	-0.09098117199823205	P2173
284.26699	24.49	1	-0.01757243405945464	P2174
905.51585	14.832	0	-0.5285585778429674	P2178
612.1823	19.695	1	0.23847657058209928	P2179
394.34652	21.978	1	0.04870980559969296	P2180
734.57847	14.935	1	-0.28026953514098424	P2184
1540.11801	16.608	1	0.052365347282330485	P2185
288.08465	24.335	1	-0.07264800775962926	P2188
830.49452	15.447	1	0.10612534928953116	P2189
215.40915	23.38	1	-0.17332087449640401	P2191
1570.17899	20.58	1	0.24062962418205971	P2192
360.2215	11.495	0	1.402322328984439	P2193
856.50705	16.609	0	-0.7299004940233613	P2194
586.52176	17.207	1	-0.3150928672028645	P2196
776.51938	17.423	1	0.3933961937941417	P2199
388.34205	20.438	1	0.18232097843359124	P2200
408.22948	22.607	1	0.013792491844876536	P2201
845.74243	22.951	1	-0.14477938863594256	P2207
1424.39477	24.873	1	0.14073264254533172	P2208
1253.81046	16.602	1	-0.2349731534327421	P2209
329.24326	13.241	1	0.05822780453742239	P2210
556.44273	9.565	1	-0.2260717934668264	P2211
723.51255	23.764	1	-0.10281870513462356	P2212
909.73059	23.744	1	-0.0694633822532638	P2219
560.31147	10.721	1	-0.08464783503617881	P2222
538.31374	10.711	1	-0.13728014614837628	P2223
389.30476	16.367	1	-0.043134170209919435	P2226
459.24854	10.512	1	-0.0545762329935927	P2227
810.6003	17.579	1	0.16503099226849804	P2228
402.3574	22.755	1	0.0873084730458314	P2229
611.53997	15.271	1	0.1530765577142736	P2232
303.23263	9.374	0	-0.440122708929588	P2233
802.55833	15.535	1	0.10679845136357494	P2235
940.81522	23.152	1	0.002396417079949826	P2240
431.27723	6.594	1	-0.0633464799542192	P2241
1556.17921	19.204	1	-0.24691109220291407	P2243
652.29287	9.995	1	0.008542463955110663	P2244
1550.18597	16.794	1	0.04066286056204111	P2245
131.16236	23.873	1	0.12984636869846636	P2247
895.57593	24.347	1	0.021915472599508108	P2248
1651.08595	16.145	1	-0.1919451585010773	P2249
554.5143	16.339	1	-0.33127031253575023	P2250
656.58199	24.387	1	0.10545121828206006	P2251
1649.08561	16.6	1	0.08430032370177505	P2253
1552.04975	17.029	1	0.0025582699858335556	P2254
1529.18453	17.12	1	-0.4075007331822772	P2255
1514.05523	16.39	1	0.0907237708204971	P2258
288.08468	22.624	1	-0.13193187473990156	P2259
649.48066	17.215	1	-0.0002917108455095711	P2263
536.37172	11.497	1	-0.3275598399314639	P2264
89.05987	24.524	1	0.00864447634443614	P2265
479.18762	9.64	1	0.08925464189540576	P2266
365.30481	16.731	1	0.19220034235187164	P2270
1290.19319	22.573	0	-0.5050902807251187	P2271
1521.16754	20.673	1	-0.050899870058187587	P2273
692.63412	22.69	0	-0.48552709452494486	P2274
420.3189	15.831	1	-0.18234210323673428	P2275
205.14378	1.323	1	-0.010985019270647978	P2276
356.35223	22.759	1	0.13085976911145308	P2277
903.49807	14.831	1	0.3512491202343582	P2279
901.58058	16.058	1	0.15976579605122632	P2280
473.26514	7.215	1	-0.24753853983617982	P2283
602.58668	22.772	0	-0.4195900905190438	P2284
984.89606	25.536	1	-0.31103996521724886	P2285
492.23976	10.14	1	-0.006530458008649358	P2286
533.41754	16.47	1	0.10266537828069798	P2288
930.60731	15.002	1	0.120379534768408	P2292
1479.11736	16.607	1	-0.18500498887397723	P2294
96.04459	0.511	1	0.10567853289500616	P2295
239.14917	22.366	1	0.15225275889002318	P2298
727.49093	15.233	1	0.2758090590645222	P2299
682.59762	21.857	1	-0.04551479051371915	P2300
336.31153	8.818	1	-0.26577625928234494	P2301
1626.08692	16.715	1	0.0021563522688626416	P2302
526.28862	11.333	1	0.33954180538730994	P2304
846.29224	21.011	1	0.2207419541704733	P2305
1627.47725	23.288	1	0.16369192882086003	P2307
743.61607	21.633	1	-0.05935106662111974	P2309
933.78692	24.205	1	-0.20587267029465106	P2313
628.60239	23.09	1	-0.04880143164680608	P2315
1620.10275	17.311	1	0.1659288316344794	P2317
543.3445	11.917	1	0.14212697020914403	P2318
778.65596	20.433	1	-0.21528392671779495	P2321
758.22174	20.575	1	0.1757780486537107	P2322
654.56652	24.57	0	-0.5909228007986179	P2327
902.58471	21.494	0	0.42477702466933986	P2328
369.38357	22.719	1	0.18649513661734377	P2329
318.3008	10.002	1	-0.14410117102028117	P2330
172.15259	21.41	1	-0.007464139716755719	P2331
625.48129	17.337	1	0.10760820364479332	P2332
524.29859	9.761	1	-0.185675803612785	P2333
698.55682	15.225	1	-0.10781371119896566	P2334
152.06209	21.519	1	0.16535148994064958	P2337
194.11766	20.975	0	0.7374757874427342	P2340
841.7247	23.625	0	-0.706040021929136	P2341
681.48357	22.286	1	0.1686509504551749	P2342
344.22777	24.012	1	0.2031108301773402	P2344
1499.41528	25.674	1	-0.02227748302862248	P2348
257.13641	24.011	1	0.19551990298107377	P2349
740.5575	17.779	1	0.16661713343060897	P2350
202.18007	22.955	1	-0.2802219805467176	P2354
1472.06889	17.521	1	0.38539015655275743	P2355
503.10719	22.415	1	0.17991894312643963	P2357
785.08513	20.318	1	0.07920593284051657	P2358
932.77503	23.731	1	-0.1917447523737296	P2359
174.12768	22.721	1	-0.08739416926380383	P2361
758.53581	15.404	1	-0.34848476615848867	P2362
554.39276	10.5	1	0.4039227848861996	P2363
728.60329	16.765	1	0.18037212115732534	P2365
874.55632	16.735	1	0.07719400137278074	P2370
589.51906	16.212	1	-0.02412846444105672	P2371
113.10753	17.224	1	0.11541760484676543	P2372
623.32036	9.372	1	0.0474793626055836	P2375
452.39515	9.172	1	-0.23289020984620806	P2376
966.65566	10.469	1	0.10028282810883066	P2377
904.59228	14.84	0	0.4496433886524677	P2378
100.07586	22.825	1	0.09593388910112295	P2379
173.07838	15.466	1	0.07361740006318816	P2382
228.19605	22.589	1	0.16838899686753006	P2383
662.57133	20.507	1	0.30435817911139434	P2384
1648.08206	16.609	1	0.26170541752756094	P2386
522.48812	15.836	1	0.11176171878071597	P2388
741.55455	15.966	1	0.0035369178096158567	P2389
610.54002	21.969	0	0.48909343820032686	P2400
180.15952	20.874	1	0.27493623110674864	P2401
215.12576	20.216	1	0.11522048216046632	P2402
264.26944	10.427	1	-0.1109941565430363	P2403
329.19359	22.337	1	-0.03519629711623675	P2404
437.34518	21.343	1	0.12098281639672621	P2405
191.16448	1.409	1	0.032896245164037045	P2406
296.25672	7.756	1	-0.30205216512919997	P2407
608.32397	11.836	1	0.11171769117587271	P2409
310.28252	24.968	1	0.08497181070819912	P2412
1295.07132	17.476	0	0.42999683085965396	P2413
1478.11824	16.594	1	-0.1370888541986474	P2415
820.54908	15.644	1	0.015736547128550032	P2417
600.60724	23.187	1	0.24041197263439243	P2420
1619.41694	22.336	1	0.13427319046018682	P2422
897.48169	14.831	1	-0.06961570038021352	P2423
135.1017	20.826	1	0.26765151318964503	P2424
149.11719	24.113	1	-0.08450284108976572	P2425
634.5084	14.552	1	0.0902154507864806	P2426
604.53757	22.549	1	-0.09622135859374104	P2427
947.74572	23.742	1	-0.1278986416179925	P2428
239.14914	23.138	0	0.4724663754581468	P2429
806.56971	15.543	0	0.4676111539158729	P2430
1477.0999	17.456	1	-0.06953606062434332	P2431
973.89378	25.483	1	-0.01640556328069801	P2432
101.05987	21.417	1	-0.047906418565718194	P2433
1553.05682	17.078	1	-0.06660612399054253	P2436
784.58382	16.476	1	-0.2215017911430304	P2437
502.32874	9.905	1	0.05118450178253617	P2438
157.16988	24.166	1	0.15099025842349698	P2440
91.04184	15.413	1	-0.2932747830129764	P2442
764.55707	17.768	1	-0.03611234163244556	P2443
1502.14918	15.932	1	0.04289995362187894	P2445
132.10184	24.19	1	-0.06898109806884144	P2446
643.5276	24.481	1	0.2732384375413676	P2447
389.19778	12.29	1	0.2187080426088402	P2451
736.57564	20.823	1	-0.24239894508319404	P2453
299.19635	10.998	0	1.3758418799705898	P2456
546.25734	9.637	1	0.08086979168816723	P2457
937.76216	24.382	1	-0.17460328916543105	P2461
1530.09	17.661	1	-0.039269671571586034	P2464
97.07614	23.918	1	0.2524690748167005	P2468
853.72591	24.718	1	0.1366987741200703	P2473
914.58173	15.951	0	0.5134509958548413	P2474
1520.16404	20.702	1	0.13528141358119306	P2477
487.27988	11.923	1	0.2514214018434469	P2478
101.0598	16.462	1	-0.010196656576339454	P2482
520.27096	11.331	1	0.3246472150313197	P2483
104.10544	20.794	1	-0.39118697989244366	P2484
710.61576	15.754	1	0.07695389397264014	P2486
996.32996	22.249	1	0.09341112764943738	P2487
874.85836	24.36	0	0.5007331692737723	P2489
963.83584	25.493	1	-0.21233511524811863	P2490
96.05578	22.122	1	-0.15414622926875943	P2492
369.38356	24.014	1	-0.22485444218780187	P2493
838.59496	17.161	1	0.0938060544322261	P2494
758.22155	22.981	1	-0.13953892051543443	P2495
158.09638	24.225	1	-0.20683525536667635	P2496
857.51646	14.855	1	-0.022048785116479633	P2497
103.09479	22.615	1	-0.15743743968936993	P2499
534.29307	12.295	1	0.29479463285409435	P2501
288.08473	21.603	1	0.14818023652085516	P2504
544.8505	10.808	1	-0.11432413662222536	P2505
798.56335	17.679	1	-0.12108908092202961	P2506
373.21931	23.81	1	0.26925009842135716	P2507
262.25348	16.21	1	-0.03726536964472794	P2509
889.87836	24.705	0	0.7317450490722213	P2512
819.51179	16.353	1	0.029266704201790537	P2514
228.196	24.288	1	0.2813559130995176	P2515
269.24813	24.825	1	0.045382640323602536	P2516
927.53031	16.192	1	-0.09271396385302047	P2517
408.36883	9.011	1	-0.28414496180192444	P2518
129.10226	22.577	1	-0.2045975047688505	P2520
152.06199	24.419	1	0.10249221745101597	P2521
604.29269	9.905	1	0.158717302884759	P2525
100.07598	20.487	1	0.2429371937415585	P2527
493.29314	9.827	1	-0.008891009335082734	P2529
114.08928	15.498	1	0.039423979267946	P2530
401.34131	15.219	1	-0.05749420451223481	P2531
716.6341	22.429	0	-0.6930824067247	P2532
140.06827	12.136	0	0.5009551013991976	P2533
1568.38932	22.252	1	-0.13674954857223032	P2536
949.76142	24.208	1	0.20760944732418077	P2537
924.80565	25.002	1	-0.3712065773348501	P2541
810.59989	15.702	0	0.4304873180145002	P2542
1593.40112	22.296	1	-0.0020798698017461294	P2543
251.20106	21.536	1	0.010383422338845327	P2545
84.54719	19.431	1	-0.05964518113529986	P2547
711.49607	15.418	1	0.2516250200069995	P2550
1289.18972	22.569	0	-1.034261754108253	P2553
763.60241	15.791	1	0.35798931392597	P2554
382.3312	24.642	1	-0.06842610817621714	P2555
548.29599	10.507	1	0.20169964948422325	P2557
496.42147	9.318	1	-0.267353984721721	P2560
135.10154	24.65	1	0.05268138302524343	P2561
684.55616	17.621	1	-0.03478033022633035	P2563
540.44696	10.598	1	-0.2750550905559465	P2564
485.33911	15.198	1	-0.11605474225875806	P2566
863.69034	22.326	0	-0.4481309774660491	P2567
546.48565	16.441	1	0.11428412432959902	P2570
225.09135	5.763	1	-0.16288377955419417	P2571
1504.07701	17.475	1	0.11367492007819362	P2572
535.47167	22.888	1	-0.11210551527780223	P2575
259.22557	22.568	1	0.11556108611817195	P2576
876.55073	17.312	1	-0.028950999536002858	P2577
427.35697	15.594	1	-0.034236144671021526	P2580
382.33121	22.344	1	-0.2883561935770005	P2581
354.33654	22.881	1	0.22188315104861706	P2582
821.52856	16.168	1	0.367064426334611	P2583
805.53769	16.072	1	0.266625300093338	P2584
447.39614	16.474	1	0.19487804178200507	P2587
912.56222	15.442	1	-0.07996022733508301	P2595
597.48798	15.265	1	-0.38656268932889304	P2596
969.85977	24.227	1	-0.04663876173476793	P2598
1453.10495	16.661	1	-0.19658733554134344	P2602
309.24291	15.248	1	0.08683611758973665	P2607
824.54443	16.279	1	-0.31342470935401434	P2608
498.25727	10.14	1	-0.1165577903747347	P2609
272.25948	8.04	1	0.041244019276456954	P2611
691.57475	16.541	1	-0.019943530634367688	P2614
289.14167	24.808	1	-0.08350886145808328	P2615
1505.0797	17.48	1	-0.1175242356509875	P2616
920.31146	21.658	1	0.2781832805974736	P2619
369.12467	24.506	1	-0.35781289583762266	P2620
869.75694	24.269	1	0.22942080994523012	P2621
424.3638	9.172	1	-0.19998120535322253	P2622
843.68384	23.278	1	0.028075738229816027	P2623
1528.18115	17.122	1	-0.22345202213814214	P2626
271.15239	21.01	1	-0.02539842388169934	P2628
240.23271	6.941	1	0.002497449683348988	P2629
369.12467	22.257	1	0.08976751843261029	P2630
100.07581	23.895	1	-0.0308771830194828	P2634
845.52955	16.032	1	0.3035594464914192	P2635
186.22152	24.415	1	-0.24271497681482884	P2639
200.20078	21.716	1	-0.15262883256472295	P2642
326.26952	10.993	1	-0.2160283246306569	P2647
533.28561	9.776	1	-0.02439795551830284	P2648
195.74583	18.375	1	-0.17497507279157942	P2649
480.27832	14.301	1	0.4105572264584931	P2650
894.5623	20.971	1	0.005633495452259199	P2651
175.14834	5.42	1	0.1274323354304528	P2654
1171.34302	22.447	1	-0.11516792082803506	P2655
877.57228	20.745	1	0.03204341578872508	P2656
556.53034	15.289	1	-0.11758361657978969	P2659
1539.11432	16.618	1	-0.13631216039396524	P2665
1648.16299	15.954	1	0.14489466252278457	P2668
1478.1038	17.441	1	0.04654344265561123	P2669
929.75575	23.23	1	0.10780595734991608	P2672
826.57246	24.459	0	0.8266720958598652	P2673
392.35221	20.572	1	-0.33849052704581145	P2677
281.248	23.664	1	-0.05645298530205506	P2679
259.191	21.926	1	-0.03778042930935122	P2680
1631.1365	15.947	1	0.0532105984037858	P2681
810.50091	17.195	1	0.04264103240326097	P2682
614.34088	11.904	1	0.18945835846192163	P2683
628.55075	24.677	1	-0.11072834382882026	P2689
568.26565	8.856	0	0.8146919661095521	P2692
792.57487	15.442	1	-0.0005284765664280667	P2696
582.42439	11.909	1	0.1939734201707666	P2703
1531.093	17.664	1	-0.15658302561890533	P2708
556.39774	11.054	1	0.020719806254664786	P2710
538.51943	15.715	1	0.052710947593519915	P2712
164.04043	1.057	1	-0.2810622088193006	P2713
313.27394	24.185	1	0.014180847491514315	P2716
297.27958	13.805	1	-0.00723749392985374	P2717
807.72025	22.202	0	-0.4943110136051491	P2719
565.31423	10.314	1	0.14709893933399146	P2722
495.44048	22.561	0	-0.45045787723569364	P2723
754.55044	15.839	1	-0.17167957799913502	P2724
159.15746	2.513	1	0.08484766473012648	P2726
1622.11407	17.517	1	0.31138934797136536	P2727
636.55577	24.401	1	-0.04419823561213105	P2729
478.46171	15.463	1	-0.08082219156911995	P2730
117.09102	24.47	1	0.021197516570407977	P2733
345.21036	12.065	1	0.020064604659338736	P2735
404.38865	15.281	1	0.04323967433166007	P2736
1550.02108	16.953	1	0.10279090835866204	P2737
1623.12133	17.641	0	0.5583169158803589	P2738
870.75908	24.278	0	0.5533247020708564	P2739
602.52216	22.409	1	0.03748932914121782	P2749
182.19024	24.034	1	0.07270291976269301	P2751
284.267	23.617	1	0.26228660836546325	P2752
224.20116	20.812	1	-0.016087592582975922	P2755
550.32843	9.993	1	0.02998370333420739	P2756
808.48525	16.935	1	0.030132191399832673	P2759
1573.43498	26.577	1	-0.2535866492286992	P2762
211.16975	5.422	1	0.13328271918351725	P2768
934.79053	24.202	1	0.19513829742665578	P2772
146.9804	15.646	1	0.09552511348103485	P2773
115.05426	15.255	1	-0.045257171756658846	P2776
1458.05075	17.307	1	0.24509561998898097	P2778
613.51888	17.626	1	0.23616161985930015	P2779
540.36596	10.693	1	-0.2033409462653788	P2781
562.45078	13.602	1	0.024787114098079974	P2785
583.32391	15.51	0	1.0699364656566517	P2791
600.46888	9.664	1	-0.2150956668237904	P2792
325.27394	15.871	1	0.1277461341013522	P2795
885.73096	24.285	1	0.040436755115685015	P2797
818.55929	11.918	1	0.11835835582421671	P2799
586.30935	10.531	1	0.1435849708383118	P2800
1466.0608	17.455	1	0.12938427660223528	P2801
506.49311	15.28	1	-0.26177216206292847	P2802
311.25847	16.639	1	-0.1225093055840362	P2803
607.40896	12.02	1	-0.06708428212862742	P2805
1498.41475	25.668	1	0.054683958385525325	P2806
562.51935	16.519	1	0.022643791528774215	P2807
802.47298	16.958	1	0.17399634123199542	P2808
1516.07232	17.451	1	-0.0961188287539132	P2811
216.09348	3.098	1	0.10377273583991221	P2812
830.59068	16.513	1	0.3465062560535465	P2813
283.22731	17.561	1	0.1504379004791166	P2814
769.60715	17.044	1	-0.33976845539699263	P2815
508.3027	10.502	1	0.1223753382655671	P2818
356.35224	23.931	0	0.5742121332219435	P2819
460.29447	9.013	1	-0.23001376801183374	P2821
1551.02461	16.954	1	0.03599684986459288	P2824
380.3375	9.013	1	-0.23368067545621451	P2825
1506.08548	17.685	1	-0.047665338107644055	P2831
579.43389	11.964	0	0.8548270778071445	P2832
570.25734	9.711	1	-0.3189089554341737	P2833
390.26834	13.476	1	0.3225641452852579	P2839
406.31008	22.984	1	-0.09627541286948524	P2840
129.1023	16.108	0	1.0396887138625381	P2842
801.56257	16.756	1	0.056360944553686496	P2843
305.1574	24.911	1	-0.11508386907578451	P2844
762.59625	16.886	1	-0.08530144157724283	P2859
639.53489	15.34	1	-0.19014706180335286	P2863
939.77833	25.027	1	-0.05830494952729197	P2868
363.18215	11.96	1	0.4114696013674377	P2872
177.9579	0.508	1	0.2181976072276769	P2875
1552.08639	15.942	1	-0.1891596649366578	P2877
682.44797	15.233	1	-0.2175743255021982	P2880
123.05542	17.072	1	0.08920851972249111	P2883
120.08076	24.055	1	0.19027860113882794	P2885
256.30062	10.018	1	-0.14889030673872286	P2888
128.06208	15.24	1	-0.014073005263378596	P2894
506.26177	10.99	0	0.6708584493063267	P2895
301.14151	15.302	1	0.04925210500989513	P2896
355.28423	16.091	1	-0.04268654332310637	P2901
280.65555	10.672	1	-0.10917235662604435	P2902
881.69895	23.152	1	0.11628931463114563	P2903
631.62139	22.559	1	0.05612949174951219	P2907
659.25171	8.754	1	0.2040283474033023	P2909
428.36411	15.668	1	-0.005927960115370559	P2914
1517.07974	17.579	1	-0.0774687235082326	P2915
359.24032	24.303	0	0.7567125251979506	P2919
914.89006	24.759	0	0.6284476957526725	P2922
1493.07915	17.596	1	-0.02075723742244709	P2927
1539.06318	16.458	1	0.2159019009701207	P2933
979.80958	25.501	1	-0.1359491746746694	P2936
1545.16722	20.685	1	0.11030751033351359	P2940
924.562	14.544	1	-0.17912851013434303	P2950
854.58512	10.87	1	-0.07940811241234676	P2951
1467.06384	17.459	1	0.032087242520672896	P2955
503.10721	20.902	1	0.09622221209751954	P2960
534.48804	15.631	1	-0.07878845166877219	P2962
636.55567	23.583	1	0.11955277050039988	P2965
530.28843	10.172	1	-0.03263541022615885	P2966
251.20097	24.287	1	-0.021064004228308966	P2967
1553.09073	15.943	1	-0.3820929701991181	P2972
974.89511	25.483	1	-0.10687150735678029	P2974
994.33059	22.237	1	0.20461553380310077	P2977
802.7649	22.17	1	0.1002738671963046	P2985
158.0964	23.252	1	0.11289714254406165	P2991
855.68358	23.063	1	0.41610414521143463	P3007
917.699	22.713	1	0.002340463116185654	P3010
910.73374	23.745	1	-0.23739968716009435	P3013
612.32514	10.679	1	-0.05448534703060376	P3014
880.81803	24.321	1	-0.03564027844981668	P3016
305.24576	12.281	0	0.6860588418408833	P3017
502.49817	15.717	1	0.14588867603080677	P3019
299.25844	15.961	1	-0.22882597816799316	P3022
810.59992	12.311	1	-0.03398884391819238	P3026
200.19188	21.578	1	-0.23109085400261614	P3027
1632.14253	15.979	1	-0.0568469323689919	P3028
1572.43519	26.58	1	-0.0014725942651625645	P3031
1696.07585	15.466	1	-0.39972066076875457	P3034
508.27731	11.945	1	0.07213765584125312	P3039
382.33118	23.002	1	0.0793795779047016	P3040
267.17302	7.933	0	0.9910692507639636	P3042
603.2926	15.517	0	0.6323185744212675	P3046
1585.07273	16.5	1	0.039726122435827405	P3047
319.28491	8.821	1	-0.23954258856177307	P3048
614.62295	20.533	1	-0.2280862394338077	P3052
1586.07552	16.5	1	-0.02708865149920484	P3053
308.29532	10.485	1	0.2127229429426367	P3057
250.2533	16.43	1	-0.09698137407052418	P3060
665.46018	22.862	1	-0.021687648263136808	P3061
361.16659	10.99	0	0.9562100603614538	P3064
532.47003	15.941	1	-0.019577273944462206	P3069
289.24938	4.964	1	0.20777665707371826	P3077
371.32721	8.672	1	-0.06178491844444066	P3083
736.51316	14.859	1	0.22645055880179496	P3084
1170.34419	22.451	1	0.02496189532701146	P3088
836.75306	22.739	1	-0.062174084053266035	P3091
180.17489	4.961	1	0.11570915053588762	P3095
119.08555	15.244	1	0.007800907961367838	P3096
395.21464	12.29	1	0.39304857600219123	P3099
1244.36264	22.981	1	0.020594719708341216	P3100
639.28248	10.315	1	0.24774745728127376	P3103
187.8554	16.925	1	0.17870585057905555	P3104
1611.08868	16.486	1	0.2599312464320993	P3105
228.23269	10.013	1	0.2650337743692837	P3112
265.25328	16.345	1	-0.002466168071441452	P3113
1153.72453	14.036	1	0.0602096081786044	P3114
879.58377	15.437	1	-0.10586156502781943	P3116
367.21589	12.281	1	0.24875126784771442	P3127
1467.42195	24.873	1	0.026629939817060064	P3128
734.49672	15.444	0	-1.0043576164520978	P3132
1004.66924	10.481	1	-0.006660414685819063	P3138
95.08567	15.269	1	0.022446717614120405	P3143
895.53128	15.237	1	0.08454326386091726	P3144
811.53324	16.39	1	0.04493043074842137	P3150
292.28557	8.569	1	-0.21226460705515887	P3153
970.86255	24.172	1	-0.15071941102245157	P3160
510.81899	10.48	1	-0.17207534431974383	P3165
759.22214	21.48	1	-0.23785715794633827	P3166
416.26813	8.822	1	-0.20243684450194963	P3167
800.61455	15.929	1	-0.07825774670694913	P3168
326.30592	11.113	1	-0.18778424012695075	P3170
120.08091	0.504	1	0.05309535513884364	P3172
495.61355	10.506	1	0.2181613830446789	P3176
845.55537	15.148	1	-0.036749863751607874	P3178
275.259	8.568	1	-0.19625332178449123	P3179
268.26451	8.671	1	-0.06827811399202179	P3182
863.71016	22.683	1	0.16307633217360712	P3183
636.66476	21.286	1	-0.19871694150933447	P3185
1468.42192	24.874	1	-0.18001802225502414	P3186
1069.34926	22.779	1	0.14315898778845962	P3187
1603.07855	16.809	1	-0.0886870996700954	P3188
1612.09064	16.497	1	0.2900216273474343	P3189
938.76557	24.377	1	-0.13826578097201092	P3193
1466.42291	24.87	1	-0.014591126276696145	P3194
594.55689	16.21	1	-0.058643366214514075	P3198
568.53648	15.966	1	-0.17106203827454822	P3199
267.64774	10.514	1	0.3955885994164436	P3204
1065.70624	15.147	1	-0.08559333176127595	P3213
382.22658	11.958	1	0.29754335185327835	P3214
133.10119	15.267	1	0.15221519558306004	P3216
475.29778	10.489	1	-0.27039829518186315	P3218
488.43343	16.371	0	0.6011184719313039	P3220
308.19025	10.562	1	0.2880211071187122	P3222
375.22706	11.931	1	0.03979072791701377	P3224
369.19896	11.965	0	0.8046192046449017	P3229
745.63018	15.714	1	0.034392077808242195	P3232
1169.34341	22.45	1	0.11658777501301518	P3237
369.12467	21.394	1	0.19150761569161495	P3241
1541.44274	25.677	1	-0.07252343260919847	P3245
481.3139	12.245	1	0.35593243316017836	P3250
1547.18339	21.357	0	0.4890016874361891	P3251
239.1492	21.655	1	-0.05069133742138266	P3252
279.23247	15.383	1	0.36576095560857635	P3260
363.17227	10.658	1	-0.26866972826070873	P3265
263.20157	7.902	1	-0.12661120366874815	P3270
210.18564	6.085	1	0.22408194855410885	P3274
321.16715	8.529	1	0.23931725643721077	P3280
323.22558	13.238	1	0.33750162768054226	P3283
364.34421	11.778	1	-0.18380524765835246	P3285
129.10224	23.822	1	-0.13211039979143566	P3286
543.41561	11.286	1	-0.13291347572780363	P3288
851.63965	11.967	0	0.6390917024799341	P3289
758.62541	15.72	1	0.09837232120879508	P3293
249.15802	12.161	0	0.47864778691256	P3294
161.13251	15.255	1	-0.009177889279797843	P3297
551.38531	12.259	1	0.01224768079218958	P3299
318.30088	7.958	1	0.053729424252422074	P3302
346.25945	12.279	1	0.22359544306781154	P3309
1024.67974	15.189	1	0.07256437537792323	P3311
270.28001	10.887	1	-0.1651570896760059	P3321
135.11683	15.263	1	-0.003757403197634251	P3325
147.11681	15.271	1	-0.0762436951484936	P3331
279.23276	8.711	1	-0.3353600191450104	P3337
449.33791	13.541	1	0.34135911637832095	P3338
824.5763	11.917	1	0.04042106542158079	P3345
1172.34255	22.448	1	0.018650398541123343	P3347
243.21123	15.27	1	-0.11342177222426074	P3356
933.5446	15.422	1	0.06417174538906374	P3362
176.13951	12.17	1	0.2359758279725823	P3367
492.32482	10.489	1	-0.22029297928952504	P3369
929.68749	12.301	1	0.3652958659770329	P3371
1588.13758	15.711	1	-0.018673197400206672	P3376
602.27452	10.513	1	0.12610650773706117	P3377
175.14813	15.267	1	-0.378027377366796	P3379
524.27259	10.444	1	0.07615361409741514	P3381
270.28014	9.674	1	0.06672972346087834	P3383
557.45173	11.964	1	0.32946835161821253	P3390
1587.13443	15.719	1	-0.16651952271052448	P3391
385.15407	10.662	1	-0.023446559818191173	P3403
