Experimental mass	Identifier	Adduct	mz Error (ppm)	Molecular Weight	Name	Peptide	Halogenated	Plant	NaturalProduct	Microbial	Drug	Food	Formula
115.0546	107276	M+H-H2O	2	132.0575	Atropaldehyde								C9H8O
115.0546	99879 // 157941	M+H-H2O	2	132.0575	Indanone				NP				C9H8O
115.0546	42600	M+H-H2O	2	132.0575	Methylcumarone								C9H8O
115.0546	118383	M+H-H2O	2	132.0575	Phenyl-propenal								C9H8O
115.0546	126146	M+H-H2O	2	132.0575	Cinnamaldehyde							Food	C9H8O
115.0546	30893 // 30895	M+H-H2O	2	132.0575	octadien-diyn-ol								C9H8O
117.055	27031 // 27148 // 27173 // 27030 // 27032	M+H	3	116.0473	keto valerate								C5H8O3
117.055	69545	M+H	3	116.0473	Acetoxyacetone				NP			Food	C5H8O3
117.055	79290	M+H	3	116.0473	Ethyl pyruvate								C5H8O3
117.055	25548 // 67562 // 165033	M+H	3	116.0473	methyl-oxo-butanoate								C5H8O3
117.055	83981 // 126887 // 56251 // 104679 // 107500 // 32034	M+H	3	116.0473	hydroxy-methylbut-enoate								C5H8O3
117.055	119091 // 61151	M+H	3	116.0473	dimethyloxirane-carboxylate								C5H8O3
117.055	152401	M+Na	1	94.0657	Methylpyridinium								C6H8N
117.055	151946 // 60580 // 150571 // 165059	M+H-H2O	2	134.0579	Deoxyribose								C5H10O4
117.055	156905 // 127641 // 165060	M+H-H2O	2	134.0579	Deoxy-xylulose								C5H10O4
117.055	26905 // 26957 // 26969 // 161603 // 165061 // 165062	M+H-H2O	2	134.0579	dihydroxy-valerate				NP				C5H10O4
117.055	73591	M+H-H2O	2	134.0579	glycerol acetate								C5H10O4
117.055	134513	M+H-H2O	2	134.0579	hydroxy-(hydroxymethyl)-methylpropanoate								C5H10O4
117.055	157489	M+H-H2O	2	134.0579	Deoxy-arabinose								C5H10O4
117.055	44842	M+H-H2O	8	134.0592	Dihydropteridine								C6H6N4
142.0268	102283	M+H	2	141.0193	carboxypenta-dienoate								C6H5O4
142.0268	112640	M+H	3	141.0191	Ethanolamine phosphate								C2H8NO4P
142.0268	153913	M+H	3	141.0191	(Amino-hydroxyethyl)phosphonate								C2H8NO4P
142.0268	127260	M+H	5	141.0188	Hydroxymethyl-furanoate								C6H5O4
142.0268	148609	M+Na	4	119.0371	Diacylglycerol-PI-pool								C7H5NO
142.0268	151840	M+K	3	103.0633	Propyl carbamate								C4H9NO2
142.0268	165029 // 27400 // 27405 // 27409 // 27414 // 27415 // 27418 // 27419 // 46261	M+K	3	103.0633	amino-butanoate								C4H9NO2
142.0268	153581	M+K	3	103.0633	HBA								C4H9NO2
142.0268	123399	M+K	3	103.0633	Acetylethanolamine							Food	C4H9NO2
142.0268	43122	M+K	3	103.0633	Dimethylglycine								C4H9NO2
142.0268	142984	M+K	3	103.0633	Ethylglycine								C4H9NO2
142.0268	123815	M+K	3	103.0633	Butyl nitrite								C4H9NO2
142.0268	80616	M+K	3	103.0633	Methylalanine								C4H9NO2
162.0765	157709	M+H	3	161.0688	Alanyl-lactate								C6H11NO4
162.0765	154712	M+H	3	161.0688	Amino-dideoxy-scyllo-inosose					MC			C6H11NO4
162.0765	157301 // 116155	M+H	3	161.0688	Methyl-glutamate				NP				C6H11NO4
162.0765	150972 // 145448	M+H	3	161.0688	Iminobispropanoate							Food	C6H11NO4
162.0765	151507 // 128184	M+H	3	161.0688	Glutamate methylester								C6H11NO4
162.0765	165098 // 126061 // 162588	M+H	3	161.0688	Acetylhomoserine			Plant					C6H11NO4
162.0765	79135	M+H	3	161.0688	Acetylthreonine								C6H11NO4
162.0765	27622 // 180841	M+H	3	161.0688	Aminoadipate								C6H11NO4
162.0765	105769	M+H	3	161.0688	hydroxybutyrylglycine								C6H11NO4
162.0765	156462	M+H-H2O	2	179.0794	Galactosamine				NP				C6H13NO5
162.0765	163149	M+H-H2O	2	179.0794	Nojirimycin				NP	MC			C6H13NO5
162.0765	162443	M+H-H2O	2	179.0794	Kanosamine				NP	MC			C6H13NO5
162.0765	161935 // 158262	M+H-H2O	2	179.0794	neo-Inosamine-2					MC			C6H13NO5
162.0765	122199 // 121533	M+H-H2O	2	179.0794	Glucosamine								C6H13NO5
162.0765	117693	M+H-H2O	2	179.0794	Fructosamine								C6H13NO5
162.0765	158238	M+H-H2O	2	179.0794	Mannosamine								C6H13NO5
162.0765	150567	M+H-H2O	2	179.0794	Talosamine								C6H13NO5
162.0765	152384	M+H-H2O	2	179.0794	Altrosamine								C6H13NO5
162.0765	150900	M+H-H2O	2	179.0794	Gulosamine								C6H13NO5
162.0765	150993	M+H-H2O	2	179.0794	Idosamine								C6H13NO5
162.0765	155900	M+H-H2O	2	179.0794	Allosamine								C6H13NO5
162.0765	120004	M+H-H2O	6	179.0807	Aminomethyl-carbaguanine								C7H9N5O
189.0468	153648 // 159119	M+H	1	188.0393	Chlorobiphenyl		x						C12H9Cl
189.0468	99417	M+Na	7	166.0565	Ethionamide						Drug		C8H10N2S
189.0468	158378	M+H-H2O	7	206.0514	Indolylmethylthiohydroximate								C10H10N2OS
189.0468	79879 // 58247	M+H-H2O	7	206.0514	[(Furanylmethyl)thio]-methylpyrazine							Food	C10H10N2OS
205.0244	166585	M+H	9	204.0189	Honaucin		x						C8H9ClO4
205.0244	158225	M+Na	9	182.0368	Acenaphthenequinone								C12H6O2
205.0244	27369	M+H+HCOONa	5	136.0291	chloropentanoate		x						C5H9O2Cl
311.2959	31760	M+H	5	310.2872	Dimethyl-octenyl dimethyl-octadienoate								C20H38O2
311.2959	31533 // 31534 // 31538 // 31539 // 31540 // 31548	M+H	5	310.2872	Octadecenyl acetate								C20H38O2
311.2959	26442 // 25766 // 25767 // 26030 // 26032 // 26033 // 26034 // 26301 // 25764 // 25765 // 26031 // 50424 // 26625 // 26630 // 26645 // 169382 // 169383 // 169384 // 169385 // 169386 // 169387 // 169390 // 169392 // 26620	M+H	5	310.2872	eicosenoate				NP				C20H38O2
311.2959	28235	M+H	5	310.2872	Prostanoate skeleton								C20H38O2
311.2959	25762 // 169381	M+H	5	310.2872	octadecenoate								C20H38O2
311.2959	26035 // 26036 // 180636 // 169388 // 169389	M+H	5	310.2872	C20:1								C20H38O2
311.2959	488 // 506 // 507 // 169380	M+H	5	310.2872	Phytenoate				NP				C20H38O2
311.2959	32247	M+H	5	310.2872	Eicosanolide								C20H38O2
311.2959	130670 // 117889 // 141996	M+H	5	310.2872	Icosanedione							Food	C20H38O2
311.2959	31974 // 169391	M+H	5	310.2872	Ethyl oleate								C20H38O2
311.2959	181444	M+H-H2O	4	328.2977	methoxy-nonadecanoate								C20H40O3
311.2959	26736 // 72196 // 91397 // 26735 // 26737 // 26843 // 170361	M+H-H2O	4	328.2977 // 328.2978	hydroxy-eicosanoate				NP				C20H40O3
311.2959	105247	M+H-H2O	4	328.2977	Polyoxyethylene 40 monostearate								C20H40O3
311.2959	494 // 498	M+H-H2O	4	328.2977	hydroxyphytanate							Food	C20H40O3
336.8786	152122	M+H-H2O	7	353.8843	Bithionol		x				Drug		C12H6Cl4O2S
336.8786	157817	M+H-H2O	7	353.8843	Tetradifon		x						C12H6Cl4O2S
357.28	25858 // 26388 // 26406 // 97730 // 172421 // 26505 // 164347	M+H	3	356.2715	tetracosahexaenoate						Drug		C24H36O2
357.28	40744 // 40795 // 40685 // 40687 // 172422 // 172423 // 172424	M+H	3	356.2715	Chola-dien-oate								C24H36O2
357.28	40351	M+H	3	356.2715	hydroxy-didehydro-trinorcalciol								C24H36O2
357.28	180800	M+H	3	356.2715	C24:6								C24H36O2
357.28	155668 // 172425	M+H	3	356.2715	Docosahexaenoate ethyl ester								C24H36O2
357.28	40564 // 40561 // 40562 // 40563 // 40565 // 40566 // 40567 // 40568 // 40569 // 40570 // 40571 // 40572 // 40573 // 40574 // 40575 // 40576 // 40640 // 40648 // 40678 // 40681 // 40683 // 40693 // 173994 // 173995 // 173996 // 173997 // 173998 // 173999 // 174000 // 174001 // 174002 // 174003 // 174004 // 174005 // 174006 // 174007 // 174008 // 174009 // 174011 // 174012 // 174014 // 174015 // 174016 // 174017	M+H-H2O	3	374.2821	Hydroxy-chol-en-oate								C24H38O3
357.28	60039	M+H-H2O	3	374.2821	(Heptadecenyl)-hydroxybenzoate				NP			Food	C24H38O3
357.28	65725	M+H-H2O	3	374.2821	Merulinate							Food	C24H38O3
357.28	17679	M+H-H2O	3	374.2821	(pentadec-en-yl)salicylate								C24H38O3
357.28	39697	M+H-H2O	3	374.2821	dihydroxy-trinorvitamin D3								C24H38O3
357.28	40491 // 40492 // 40493 // 40494 // 40495 // 40496 // 40497 // 40632 // 40651 // 40703 // 173988 // 173989 // 173990 // 173991 // 173992 // 173993 // 174010 // 174013 // 174018	M+H-H2O	3	374.2821	Oxo-cholan-oate								C24H38O3
357.28	26945	M+H-H2O	3	374.2821	hydroxy-tetracosa-pentaenoate								C24H38O3
357.28	151054	M+H-H2O	3	374.2821	[(Tetrahydro-pyran-yl)oxy]androst-en-ol								C24H38O3
357.28	153649	M+H-H2O	3	374.2821	Dihydroxy-trimethyl-pregn-en-one								C24H38O3
357.28	174019	M+H-H2O	6	374.2855	thio-Acetyl MAGE								C21H42O3S
367.1815	160460 // 152527	M+Na	10	344.1889	TAN-67								C23H24N2O
367.1815	174785	M+H-H2O	2	384.1838	JWH								C25H24N2O2
367.1815	174786	M+H-H2O	2	384.1838	JWH naphthyl isomer								C25H24N2O2
367.1815	100474	M+H+HCOONa	3	298.1879	Diphthamide						Drug		C13H24N5O3
387.3272	39714	M+H	4	386.3185	hydroxy-deoxy-oxavitamin D3								C26H42O2
387.3272	26415 // 26429 // 180772	M+H	4	386.3185	Shibate								C26H42O2
387.3272	109668	M+H	4	386.3185	Phenyl-eicosanedione							Food	C26H42O2
387.3272	174926	M+H	4	386.3185	enanthoxyandrost-en-one								C26H42O2
387.3272	40807	M+H-H2O	3	404.329	Dihomolithocholate								C26H44O3
387.3272	39748	M+H-H2O	3	404.329	dihydroxy-norvitamin D3								C26H44O3
387.3272	39749 // 40342	M+H-H2O	3	404.329	dihydroxy-nor-secovitamin D3								C26H44O3
410.3279	176882	M+H	3	409.3192	PGF2a diethyl amide								C24H43NO4
410.3279	176883	M+H	3	409.3192	Lumula								C24H43NO4
498.2905	179482 // 179483	M+Na	7	475.3046	MG132								C26H41N3O5
498.2905	153542 // 76624	M+Na	1	475.3006	Netilmicin						Drug		C21H41N5O7
498.2905	164530 // 41189 // 162382	M+H-H2O	4	515.2917	Taurocholate								C26H45NO7S
498.2905	102419 // 41196	M+H-H2O	4	515.2917	Taurohyocholate								C26H45NO7S
498.2905	83105 // 41197	M+H-H2O	4	515.2917	Tauro-muricholate								C26H45NO7S
498.2905	41204 // 41201	M+H-H2O	4	515.2917	Taurallocholate								C26H45NO7S
498.2905	57855 // 41199	M+H-H2O	4	515.2917	Tauroursocholate								C26H45NO7S
506.362	179871 // 34339	M+H	3	505.3532	CerP(26:1)								C26H52NO6P
506.362	163409	M+H	3	505.3532	LPC(18:2)								C26H52NO6P
506.362	3029	M+H	3	505.3532	LPC(P-18:1)								C26H52NO6P
506.362	163438 // 165818	M+H-H2O	3	523.3638	PAF C-16						Drug	Food	C26H54NO7P
506.362	2641 // 163439 // 163440 // 164538	M+H-H2O	3	523.3638	PC(18:0)						Drug	Food	C26H54NO7P
506.362	163441 // 163442 // 163443 // 163444 // 2944 // 2970	M+H-H2O	3	523.3638	LPC(18:0)								C26H54NO7P
506.362	4288	M+H-H2O	3	523.3638	LPE(21:0)								C26H54NO7P
603.5365	18283 // 181951	M+H	3	602.5274	(methyl-pentadecanoyl)-(ladderane-octanyl)-glycerol								C39H70O4
603.5365	185911 // 185912 // 185913 // 185914 // 185915 // 185916 // 185917 // 185918 // 185919 // 185920 // 185921 // 185922 // 185923 // 185924 // 185925 // 186794 // 186795 // 186796 // 186797 // 186798 // 186799 // 186800 // 186801 // 186802 // 186803 // 186804 // 186805 // 186806	M+H	3	602.5274	FAHFA(39:3)								C39H70O4
603.5365	181945 // 181952	M+H	3	602.5274	(hexadecanoyl)-(ladderane-octanyl)-glycerol								C39H70O4
603.5365	180185	M+H	3	602.5274	Hexadecyl-arachidonoyl-glycerol								C39H70O4
603.5365	18265	M+Na	7	580.5431	DAG(34:1)				NP				C37H72O4
603.5365	183898 // 183899 // 183900 // 183901 // 183902 // 183903 // 183904 // 183905 // 183906 // 183907 // 183908 // 183909 // 183910 // 183911 // 183912 // 183913 // 183914 // 183915 // 183432 // 183433 // 183434 // 183435 // 183436 // 183437 // 183438 // 183439 // 183440 // 183441 // 183442 // 183443 // 183444 // 183445 // 183446 // 185494 // 183447 // 185495 // 183448 // 185496 // 183449 // 185497 // 183450 // 185498 // 183451 // 185499 // 185500 // 185501 // 185502 // 185503 // 185504 // 185505 // 185506 // 184741 // 184742 // 184743 // 184744 // 184745 // 184746 // 184747 // 184748 // 184749 // 184750 // 184751 // 184752 // 184753 // 184754 // 184755	M+Na	7	580.5431	FAHFA(37:0)								C37H72O4
603.5365	61832 // 86166 // 61100 // 62178 // 130550 // 86795 // 48662 // 64819 // 149328 // 110684 // 17768 // 17769 // 17773 // 17774 // 68484 // 119185 // 65470 // 18116 // 61401 // 102646 // 94463 // 18244 // 17777 // 18139 // 180216	M+H-H2O	3	620.538	DAG(36:2)								C39H72O5
603.5365	180652	M+H+HCOONa	8	534.5376	C36:1								C36H70O2
603.5365	31306 // 31307	M+H+HCOONa	8	534.5376	Myristoleyl behenate								C36H70O2
603.5365	31308 // 31310	M+H+HCOONa	8	534.5376	Stearyl oleate								C36H70O2
603.5365	31309 // 31175	M+H+HCOONa	8	534.5376	Arachidyl palmitoleate								C36H70O2
603.5365	31156	M+H+HCOONa	8	534.5376	octadecenyl heptadecanoate								C36H70O2
74.0604	113494	M+H	5	73.0528	Aminoacetone								C3H7NO
74.0604	47966	M+H	5	73.0528	Dimethylformamide						Drug	Food	C3H7NO
74.0604	54766	M+H	5	73.0528	Aminopropionaldehyde								C3H7NO
74.0604	111392	M+H	5	73.0528	(methylamino)acetaldehyde								C3H7NO
74.0604	159742	M+H	5	73.0528	Acetone oxime								C3H7NO
74.0604	155998	M+H-H2O	3	91.0633	Aminopropane-diol								C3H9NO2
95.0606	152438	M+H	2	94.0531	Aminopyridine						Drug		C5H6N2
95.0606	120308	M+H	2	94.0531	Methylpyrazine				NP			Food	C5H6N2
98.0577	107563	M+Na	1	75.0684	Trimethylamine-oxide					MC			C3H9NO
98.0577	117354 // 58806 // 165739 // 165855 // 165856 // 159284	M+Na	1	75.0684	aminopropan-ol								C3H9NO
98.0577	70315	M+Na	1	75.0684	(methylamino)ethan-ol								C3H9NO
