Experimental mass	Identifier	Adduct	mz Error (ppm)	Molecular Weight	Name	Peptide	Halogenated	Plant	NaturalProduct	MDM	Drug	Food	Formula
117.0555	165908 // 165911 // 165909 // 165910 // 165912 // 165035 // 165036 // 100204 // 31664 // 136005	M-H	2	118.063	Hydroxyisopentanoate // Hydroxypentanoate // Methyl3-hydroxybutyrate // Ethyl-hydroxypropionate // Hydroxy-methyl-[R-]-butanoate // hydroxy-methylbutanoate // LMSD{ WE 5:0;O } // Diethyl carbonate								C5H10O3
117.0555	164055 // 26909 // 26910 // 26912 // 26916 // 26919 // 26688 // 26689 // 26691 // 26979 // 26992 // 26993 // 26911 // 26913 // 26914 // 26690	M-H	2	118.063	LMSD{ FA 5:0;O }				NP		Drug	Food	C5H10O3
117.0555	99659	M-H	2	118.063	Ethyl lactate				NP			Food	C5H10O3
117.0555	161706 // 48234 // 137848 // 33733 // 46579	M+HCOOH-H	3	72.0575	Epoxybutane // Tetrahydrofuran // Methylpropanal // Butan-one // Butanal								C4H8O
117.0555	94508 // 99389 // 85457	M+HCOOH-H	3	72.0575	Dimethyloxirane // Buten-ol							Food	C4H8O
129.0557	157519 // 152179 // 165050 // 164058 // 149236 // 162267 // 45112 // 94328 // 27033 // 27034 // 27036 // 27035 // 32192 // 25549 // 25550 // 25554 // 118950 // 113591 // 84671 // 148711	M-H	0	130.063	Hydroxyhexan-olide // Hydroxyethyl methacrylate // Dihydroxyhexanoate lactone // methyl-oxo-Pentanoate // Oxa-oxo-hydroxycycloheptane // Ketoleucine // Mevalonolactone // LMSD{ FA 6:1;O } // Adipate semialdehyde // Ethoxy-dihydro-2furanone // Ethyl-oxobutanoate // Methyl-ketopentanoate								C6H10O3
129.0557	156859 // 50316	M-H	0	130.063	Pantolactone				NP				C6H10O3
129.0557	120950 // 100761 // 85486	M-H	0	130.063	Methyl levulinate // Tetrahydro-hydroxy-methyl-pyran-one // Sherry lactone				NP			Food	C6H10O3
129.0557	110292	M-H	0	130.063	Acetoin acetate							Food	C6H10O3
129.0557	165858 // 80151 // 42806 // 65595 // 33718 // 33724 // 33754 // 120796 // 159412	M+HCOOH-H	0	84.0575	Pentyn-ol // Cyclopentanone // Tiglic aldehyde // Methyl-butenal // pentene-one // penten-one // Methyl-buten-one // Epoxy-methylbut-ene								C5H8O
129.0557	109461 // 67274	M+HCOOH-H	0	84.0575	Dihydro-methylfuran							Food	C5H8O
129.0557	136115 // 81634	M+HCOOH-H	0	84.0575	Pentenal			Plant					C5H8O
129.0557	44627	M-2H	0	260.126	Glycerol tripropanoate								C12H20O6
129.0557	189353 // 167488	M-2H	5	260.1273	Gartryprostatin // Cardiogenol								C13H16N4O2
223.134	189370 // 146959 // 75466 // 127821 // 147133 // 70120 // 31985 // 46340 // 158160	M-H	0	224.1412 // 224.1413	Nipyrone // Annuionone // Methylbutyl-furanbutanoate // Hydroxy-dinor-xanthen-olide // Epoxyeremopetasinorol // LMSD{ WE 13:3;O } // Methyl-pentyl-furanpropanoate // Hydroxy-oxo-ionol								C13H20O3
223.134	27179 // 28001 // 28007 // 25679 // 158759	M-H	0	224.1412 // 224.1413	LMSD{ FA 13:3;O } // FA 12:3(Me)(OH); LMSD{ FA 13:3;O } // Vomifoliol				NP				C13H20O3
223.134	140015	M-H	0	224.1412	Octyl-furoate							Food	C13H20O3
223.134	150418 // 128801 // 84560 // 70764 // 74636 // 73924 // 114383 // 101095 // 49890 // 121832	M+HCOOH-H	0	178.1358	Hexylphenol // Ethoxy-methyl-(methylethyl)benzene // Isopropyl-methylbicyclooct-en-one // Tricycloekasantal // Propofol // Methyl-oxatetracyclododecane // Methyl-phenyl-pentanol // Diisopropylphenol // Geijerone								C12H18O
223.134	55055	M+HCOOH-H	0	178.1358	Quinceoxepine							Food	C12H18O
223.134	143316 // 181643 // 181644	M-2H	0	448.2825	(ent)-Trihydroxy-oplopen-one-(methylbutanoate)-(methyl-pentenoate) // LMSD{ FA 26:6;O4 }								C26H40O6
223.134	161762	M-2H	0	448.2825	Feruloyloxypalmitate			Plant					C26H40O6
250.145	153524	M-H	1	251.1521	Furmecyclox								C14H21NO3
250.145	88610 // 161052 // 166603 // 166604 // 166605 // 166606 // 166607	M+HCOOH-H	1	205.1467	Desthienylethyl-rotigotine // Heptopargil // Ethylethcathinone // ethyl-Dimethylcathinone // Dimethylethcathinone								C13H19NO
250.145	62822	M+HCOOH-H	1	205.1467	Diethylpropion						Drug		C13H19NO
250.145	154327	M-2H	7	502.3083	Kolanone								C33H42O4
271.2277	26891 // 26930 // 26728 // 27015 // 26798 // 26800 // 26890 // 26923 // 26929 // 26726 // 26729 // 26797 // 26851 // 26852 // 26853 // 26855 // 26856 // 167770 // 167771 // 167772 // 167773 // 167774 // 167775 // 167776 // 27219 // 26727 // 26730 // 26854	M-H	1	272.2351	FA 16:0(OH); LMSD{ FA 16:0;O } // LMSD{ FA 16:0;O }				NP				C16H32O3
271.2277	91691 // 119933 // 117895 // 63145 // 81593 // 139471 // 167777	M-H	1	272.2351	FA 16:0(OH)								C16H32O3
271.2277	164181 // 164182 // 30507 // 33905 // 33908 // 31147 // 30979 // 33746	M+HCOOH-H	1	226.2297	LMSD{ FOH 15:1 } // Ethyltridecan-one // LMSD{ FAL 15:0 } // FAL 15:0; LMSD{ FAL 15:0 } // Pentadecan-one								C15H30O
271.2277	44660	M+HCOOH-H	1	226.2297	Heptyl ketone				NP				C15H30O
299.2588	26986 // 181443 // 27775 // 26941 // 27220 // 27884 // 27774 // 27777 // 27778 // 27843 // 27767 // 27770 // 27771 // 27772 // 27773 // 27776 // 27768 // 27769 // 27779 // 27780 // 27781 // 27782 // 27783 // 27842 // 27844 // 27845 // 27879 // 27880	M-H	1	300.2664	LMSD{ FA 18:0;O } // FA 18:0(OH); LMSD{ FA 18:0;O }				NP				C18H36O3
299.2588	27832	M-H	1	300.2664	FA 17:0(Me)(OH); LMSD{ FA 18:0;O }								C18H36O3
299.2588	164215 // 164216 // 164217 // 164218 // 30491 // 30750 // 30509 // 30657 // 33848 // 33913 // 30993	M+HCOOH-H	1	254.261	LMSD{ FOH 17:1 } // Heptadecen-one // Ethylpentadecan-one // LMSD{ FAL 17:0 }								C17H34O
299.2588	33849 // 33736	M+HCOOH-H	1	254.261	Heptadecan-one				NP				C17H34O
339.1996	132455 // 57328 // 153805 // 171215 // 157669	M-H	9	340.2038	Canrenone // Piperochromenoate // Hydroxy-oxo-pregna-diene-carboxylate,-lactone // Hydroxymethylethisterone // Norethindrone acetate								C22H28O3
339.1996	96739	M-H+HCOONa	8	272.2172	Dodecanoate, trimethylsilyl ester								C15H32O2Si
339.2536	171221 // 164327 // 26659 // 28279 // 28294 // 28296 // 28328	M-H	1	340.2614	Prostaglandin Alcohol // Thromboxanoate skeleton // LMSD{ FA 20:2;O2 }								C20H36O4
339.2536	31772 // 25646 // 25647 // 26482 // 26029 // 25808 // 168630 // 168631 // 180669 // 75740	M+HCOOH-H	2	294.2559	LMSD{ WE 19:2 } // FA 18:2(Me); LMSD{ FA 19:2 } // FA 19:2; LMSD{ FA 19:2 } // FA 19:2 // Methyl linoleate								C19H34O2
339.2536	26160 // 27457 // 27950	M+HCOOH-H	2	294.2559	LMSD{ FA 19:2 }				NP				C19H34O2
339.2536	30525 // 30792 // 97094	M-H+HCOONa	7	272.2715	LMSD{ FOH 17:0;O } // Hexanal hexyl isoamyl acetal								C17H36O2
353.2116	172279	M-H	6	354.2168	Roscovitine						Drug		C19H26N6O
353.2116	1139	M-H	2	354.2195	Etretinate						Drug		C23H30O3
353.2116	172280	M-H	2	354.2195	Levonorgestrel acetate								C23H30O3
353.2116	150372	M-H+HCOONa	6	286.2297	ent-Cassa-dien-one			Plant				Food	C20H30O
353.2116	153190 // 544	M-H+HCOONa	6	286.2297	Pimara-dien-al // levopimaradienal			Plant					C20H30O
353.2116	151859 // 160890 // 545 // 561	M-H+HCOONa	6	286.2297	Palustradienal // Ferruginol // dehydroabietadienol // isopimara-dienal			Plant	NP				C20H30O
353.2116	152679 // 151526 // 579 // 100682 // 127340 // 42606 // 149390	M-H+HCOONa	6	286.2297	Kaur-en-al // Abietal // ent-kaur-en-al // ent-Trachylobanal // Abietadien-al // Abietinal							Food	C20H30O
353.2116	168307 // 550 // 160237	M-H+HCOONa	6	286.2297	Totarol // Neoabietal				NP				C20H30O
353.2116	520 // 572 // 582 // 39605 // 1095 // 1098 // 1102 // 1104 // 94095	M-H+HCOONa	6	286.2297	Helicallenal // Spongiadiene // Beyeren-one // pregna-dien-ol // Retinol // Menth-en-yl-isopropyl-methylphenyl ether								C20H30O
369.174	157853 // 161450 // 153366 // 173561 // 173562	M-H	9	370.178	Linalyl-dimethylflaviolin // Geranyl-dimethylflaviolin // Diacetoxyestra-trien-one // Estrone Hemisuccinate // phenoxy tetranor Prostaglandin								C22H26O5
369.174	151421	M-H	9	370.178	Calanolide				NP		Drug		C22H26O5
369.174	133895 // 149619	M-H	9	370.178	Licarin // Kanzonol							Food	C22H26O5
369.174	12515	M-H	9	370.178	Unanisoflavan				NP				C22H26O5
369.174	74170	M-H	0	370.1812	Lorcainide		x				Drug		C22H27ClN2O
369.174	41136 // 41173 // 41171 // 41153 // 78459 // 173563 // 173564	M-H	0	370.1814	LMSD{ ST 19:1;O2;S } // Dihydrotestosterone sulfate // Epiandrosterone sulfate // Androstan-ol-one sulfate // Hydroxy-androstan-one sulfate								C19H30O5S
369.174	170858 // 170859	M+Cl	5	334.2063	JWH								C23H14D7NO
369.174	76008	M+Cl	0	334.2045	Carnocin U							Food	C22H26N2O
369.174	152479	M+HCOOH-H	0	324.1759	Piperonyl sulfoxide								C18H28O3S
369.174	168960 // 168961 // 168962 // 168963 // 168964 // 168959	M-H+HCOONa	5	302.1954	Gly Lys Val	Pep							C13H26N4O4
378.2413	174456	M-H	4	379.2471	Celiprolol						Drug		C20H33N3O4
378.2413	34081 // 140919	M-H	0	379.2488	LMSD{ SPBP 18:1;O2 } // palmitoyl-phosphoethanolamine								C18H38NO5P
378.2413	152414 // 161015	M-H	7	379.2511	Aurachin				NP				C25H33NO2
378.2413	32819 // 32686 // 32658 // 165782	M+Cl	1	343.2723	LMSD{ NA 19:1;O3 } // LMSD{ CAR 12:0 } // Dodecanoyl-carnitine // Octanoylcarnitine butyl ester								C19H37NO4
383.1534	180978 // 152250 // 17357	M-H	9	384.1573	Versicone // Schizandrin // Eriodictyol dimethyl ether prenyl ether								C22H24O6
383.1534	117039 // 17231 // 107928 // 51915 // 120307	M-H	9	384.1573	Dehydroporson // Dihydroxy-dimethoxy-prenylflavanone // Ethylcubebin // Glicoisoflavanone // Kanzonol							Food	C22H24O6
383.1534	12245	M-H	9	384.1573	Echinoisosophoranone				NP				C22H24O6
383.1534	44190 // 41152 // 165412 // 174778	M-H	0	384.1607	LMSD{ ST 19:2;O3;S } // Dihydroxyandrostenone sulfate // Hydroxy-oxoandrost-en-yl sulfate								C19H28O6S
383.1534	54566	M-H	6	384.1632	Butanediol apiosylglucoside							Food	C15H28O11
383.1534	154578	M+Cl	5	348.1856	Chloroprogesterone		x						C21H29ClO2
383.1534	52059	M+Cl	1	348.1838	Acrivastine						Drug		C22H24N2O2
383.1534	171869 // 171872 // 171873 // 171876 // 171877 // 171880 // 171870 // 171871 // 171874 // 171875 // 171878 // 171879	M+Cl	2	348.1831	Ala Lys Met // Cys Lys Val	Pep							C14H28N4O4S
383.1534	182728 // 182998	M+HCOOH-H	1	338.155	Hapalindole // epi-Fischerindole		x						C21H23ClN2
383.1534	169603 // 169611 // 169617 // 169626 // 169627 // 169629 // 169604 // 169615 // 169622 // 169628 // 169605 // 169607 // 169609 // 169619 // 169624 // 169631 // 169606 // 169608 // 169616 // 169632 // 169610 // 169613 // 169620 // 169623 // 169625 // 169630 // 169612 // 169614 // 169618 // 169621	M-H+HCOONa	5	316.1747	Ala Gln Val // Ala Asn Leu // Gln Gly Ile // Ala Asn Ile // Gln Gly Leu // Leu-Ala // Ala-Leu // Ala-Ile // Ile-Ala	Pep							C13H24N4O5
383.1534	151236	M-H+HCOONa	8	316.1706	Imipramine hydrochloride		x				Drug		C19H24N2.HCl
399.3264	152615 // 155125 // 176134 // 165433 // 17673 // 164404 // 155730 // 180773 // 56622 // 90954 // 49490 // 93829 // 95145 // 79035 // 40309 // 39904 // 39906 // 39908 // 39910 // 39919 // 40320 // 40324 // 40335 // 40356 // 38602 // 39913	M-H	1	400.3341	Hydroxycholest-en-one // (henicosa-dien-yl)resorcinol // Furopirostane skeleton // Spirostan // FA 27:5 // Methyl-bis(methyl-butenyl)-(methyl-oxopropyl)-(methyl-pentenyl)cyclohexanone // Hydroxy-cholestenal // Hydroxy-dehydrocholesterol // Ketocholesterol // Hydroxytachysterol3 // Cholesta-diene-diol // Hydroxy-epivitamin D3 // Hydroxyprevitamin D3 // Hydroxypregnacalciferol // Dehydrocholesterol-oxide // epi-Hydroxyvitamin D3 // oxo-hydroxycholesterol // dihydroxy-deoxyvitamin D3								C27H44O2
399.3264	176133 // 110178 // 39903 // 39918 // 40318 // 40332 // 40341 // 39905 // 39907 // 39909 // 39911 // 39912 // 39915 // 39916 // 39917	M-H	1	400.3341	Alfacalcidol // Hydroxyvitamin D3						Drug	Food	C27H44O2
399.3264	176135 // 38716 // 38725 // 40925 // 38420 // 38684 // 38429 // 38685 // 38686 // 38717 // 38472 // 38482 // 38587 // 38600 // 38615 // 40926 // 40928 // 38629 // 38631 // 39914	M-H	1	400.3341	LMSD{ ST 27:2;O2 } // astrogorgiadiol				NP				C27H44O2
399.3264	109610 // 94384	M-H	1	400.3341	Phenyl-heneicosanedione // (Heneicosadienyl)-benzenediol							Food	C27H44O2
452.2777	163367 // 4265 // 4298 // 178930 // 2930 // 181993 // 181995	M-H	1	453.2855	LPC 13:0 // LPE 16:0; LMSD{ LPE 16:0 } // LysoPE(0:0/16:0) // Glycerophospho-Palmitoyl Ethanolamine // LPC 13:0; LMSD{ LPC 13:0 } // LMSD{ LPE O-16:1;O }								C21H44NO7P
452.2777	57627	M-H	6	453.2879	Sambutoxin								C28H39NO4
452.2777	188053	M+HCOOH-H	7	407.2824	Radarin								C27H37NO2
452.2777	151146	M-H+HCOONa	2	385.2981	(Pyrrolidinyl)-pregnane-dione								C25H39NO2
453.3577	27140 // 32251 // 27183	M+HCOOH-H	2	408.3603	LMSD{ FA 26:2;O }				NP				C26H48O3
456.1999	160507	M-H	0	457.2074	Demethylpuromycin								C21H27N7O5
456.1999	177537 // 177538 // 177539 // 177540 // 177541 // 177542	M+Cl	5	421.2325	Gln Lys Phe	Pep							C20H31N5O5
456.1999	3068 // 164426	M+HCOOH-H	1	411.2022	PE 12:0; LMSD{ PE 12:0 } // PE 12:0								C17H34NO8P
456.1999	85885 // 107502	M+HCOOH-H	9	411.198	Acetophenazine // Carphenazine						Drug		C23H29N3O2S
464.3138	3022 // 4340 // 4345 // 115446	M-H	2	465.3219 // 465.3222	LPC P-15:0; LMSD{ LPC O-15:1 } // LPE O-18:1; LMSD{ LPE O-18:1 } // LPE P-18:0; LMSD{ LPE O-18:1 } // TetraHCA								C23H48NO6P // C27H45O6
464.3138	32851	M+HCOOH-H	2	419.3148	oleoyl histidine								C24H41N3O3
464.3138	39350	M-H+HCOONa	2	397.3345	Solanidine								C27H43NO
464.3138	39349	M-H+HCOONa	2	397.3345	Verazine				NP				C27H43NO
478.2933	4267 // 4301 // 4302 // 4326 // 179537 // 164511 // 2985	M-H	1	479.3012	LPE 18:1; LMSD{ LPE 18:1 } // LysoPE(0:0/18:1) // LysoPE(18:1/0:0) // Glycerophospho-Oleoyl Ethanolamine // LPE 18:1 // LPC 15:1; LMSD{ LPC 15:1 }								C23H46NO7P
478.2933	153322	M-H+HCOONa	2	411.3137	Cyclopamine				NP				C27H41NO2
480.2835	7513 // 7543 // 7571	M-2H	7	962.5884	PI 44:8; LMSD{ PI 44:8 }								C53H87O13P
480.3091	163389 // 163390 // 163391 // 163392 // 2939 // 4264 // 4300 // 182002	M-H	1	481.3168	LPC 15:0 // PC O-15:0 // LPC 15:0; LMSD{ LPC 15:0 } // LPE 18:0; LMSD{ LPE 18:0 } // LysoPE(0:0/18:0) // LMSD{ LPE O-18:1;O }								C23H48NO7P
480.3091	158756	M+HCOOH-H	1	435.3115	Pahutoxin		x						C23H46NO4.Cl
480.3091	152868 // 102224 // 39347 // 72387 // 39348	M-H+HCOONa	1	413.3294	Solasodine // Tomatidan-one // tomatidinol								C27H43NO2
480.3091	39351 // 39352 // 39354	M-H+HCOONa	1	413.3294	Etioline // Leptinidine // iso-etioline				NP				C27H43NO2
483.3681	181934	M-H+HCOONa	3	416.3866	LMSD{ MG O-22:0;O }								C25H52O4
500.2776	4271 // 4313 // 4314 // 4329 // 179816	M-H	1	501.2855	LPE 20:4; LMSD{ LPE 20:4 } // LysoPE(0:0/20:4) // LysoPE(20:4/0:0) // Glycerophospho-Arachidonoyl Ethanolamine								C25H44NO7P
500.2776	188543 // 52472	M-H	6	501.2879	isopentenylpaxilline // Fexofenadine								C32H39NO4
500.2776	161410 // 187553	M-H	6	501.2879	Aflatrem				NP				C32H39NO4
500.2776	41174 // 55938 // 41179 // 45124	M+Cl	2	465.309	GCA; LMSD{ ST 24:1;O5;G } // GCA								C26H43NO6
504.3091	4283 // 4309 // 2987	M-H	1	505.3168	LPE 20:2; LMSD{ LPE 20:2 } // LysoPE(0:0/20:2) // LPC 17:2; LMSD{ LPC 17:2 }								C25H48NO7P
504.3091	32761	M-H+HCOONa	1	437.3294	LMSD{ NA 29:8;O }								C29H43NO2
506.3247	4282 // 4308 // 2931 // 2986	M-H	1	507.3325	LPE 20:1; LMSD{ LPE 20:1 } // LysoPE(0:0/20:1) // LPC 17:1; LMSD{ LPC 17:1 }								C25H50NO7P
506.3247	83264 // 154511	M-H	6	507.3349	Gymnodimine								C32H45NO4
508.3402	165812 // 163415 // 163416 // 163418 // 163417 // 2943 // 4274 // 4307 // 2618 // 2631 // 2633 // 181989	M-H	1	509.3481	LMSD{ LPC 17:0 } // PC O-17:0 // LPC 17:0 // LPC 17:0; LMSD{ LPC 17:0 } // LPE 20:0; LMSD{ LPE 20:0 } // LysoPE(0:0/20:0) // PC O-17:0; LMSD{ PC O-17:0 } // LMSD{ LPC O-17:1;O }								C25H52NO7P
508.3402	36849	M-2H	3	1018.6916	LMSD{ NeuAcHexCer 36:1;O2 }								C53H98N2O16
512.2682	189037	M-H	1	513.2758	prenyl-dihydrovariecolorin		x						C29H40ClN3O3
512.2682	164529 // 45370 // 41187	M-H	1	513.276	S-GLCA; LMSD{ ST }								C26H43NO7S
512.2682	180955	M+Cl	1	477.2991	Arestrictin								C29H39N3O3
512.2682	179309 // 179310 // 179311	M+HCOOH-H	4	467.2717	Arg Arg His	Pep							C18H33N11O4
512.2682	123517	M-H+HCOONa	5	445.29	Dynorphin-(13)								C20H39N5O6
512.2987	182025 // 182026 // 182030	M-H	1	513.3067	LMSD{ LPS O-17:0;O }								C23H48NO9P
512.2987	32794 // 131297	M+HCOOH-H	7	467.3036	LMSD{ NA 29:9;O3 }								C29H41NO4
512.2987	79595	M+HCOOH-H	7	467.3036	Buprenorphine				NP		Drug		C29H41NO4
512.2987	2620 // 2968 // 2937 // 182000 // 182001 // 163376 // 163377 // 4292	M+HCOOH-H	1	467.3012	PC O-14:0; LMSD{ PC O-14:0 } // LPC 14:0; LMSD{ LPC 14:0 } // LMSD{ LPE O-17:1;O } // PC O-14:0 // LPC 14:0 // LPE 17:0; LMSD{ LPE 17:0 }								C22H46NO7P
512.2987	181807	M-H+HCOONa	9	445.3226	LMSD{ NAT 22:1 }								C24H47NO4S
512.2987	39623 // 32817	M-H+HCOONa	2	445.3192	dihydroxy-oxo-azavitamin D2 // LMSD{ NA 27:6;O3 }								C27H43NO4
524.3351	3014 // 3015 // 3016 // 3023 // 163382 // 163383 // 163384 // 3024	M+HCOOH-H	1	479.3376	LPC O-16:1; LMSD{ LPC O-16:1 } // LPC O-16:1 // LPC P-16:0; LMSD{ LPC O-16:1 }								C24H50NO6P
530.3024	2628 // 2981 // 2969 // 2940 // 4290 // 182003 // 163400 // 163401 // 163402 // 163403	M+Cl	1	495.3325	PC O-16:0; LMSD{ PC O-16:0 } // LPC 16:0; LMSD{ LPC 16:0 } // LPE 19:0; LMSD{ LPE 19:0 } // LMSD{ LPE O-19:1;O } // PC O-16:0 // LPC 16:0								C24H50NO7P
535.3992	39302	M+HCOOH-H	2	490.4022	LMSD{ ST 31:1;O4 }								C31H54O4
535.3992	183344 // 183345 // 183346 // 183347 // 183348 // 183349 // 183350 // 183351 // 183096 // 183352 // 183097 // 183353 // 183098 // 183354 // 183099 // 183355 // 183100 // 183101 // 183102 // 183103 // 183104 // 183105 // 183106 // 183107 // 183108 // 25664	M-H+HCOONa	2	468.4179	FAHFA 29:0 // LMSD{ FA 29:1;O2 }								C29H56O4
538.3141	182032 // 5531	M-H	2	539.3223	LMSD{ LPS O-19:1;O } // LPS 19:0; LMSD{ LPS 19:0 }								C25H50NO9P
538.3141	2941 // 2942 // 4281 // 163397	M+HCOOH-H	2	493.3168	LPC 16:1; LMSD{ LPC 16:1 } // LPE 19:1; LMSD{ LPE 19:1 } // LPC 16:1								C24H48NO7P
538.3141	32651	M-H+HCOONa	2	471.3349	LMSD{ CAR 22:6 }								C29H45NO4
540.33	182033	M-H	1	541.338	LMSD{ LPS O-19:0;O }								C25H52NO9P
540.33	188238 // 188759 // 188814 // 188636	M+Cl	10	505.3556	Anthcolorin								C33H47NO3
540.33	2628 // 2981 // 2969 // 2940 // 4290 // 182003 // 163400 // 163401 // 163402 // 163403	M+HCOOH-H	1	495.3325	PC O-16:0; LMSD{ PC O-16:0 } // LPC 16:0; LMSD{ LPC 16:0 } // LPE 19:0; LMSD{ LPE 19:0 } // LMSD{ LPE O-19:1;O } // PC O-16:0 // LPC 16:0								C24H50NO7P
540.33	181806 // 179447	M-H+HCOONa	9	473.3539	LMSD{ NAT 24:1 } // Tetracos-enamidoethanesulfonate								C26H51NO4S
540.33	123788 // 32654 // 32657 // 32619	M-H+HCOONa	1	473.3505	Acetoxysoladulcidine // LMSD{ CAR 22:5 }								C29H47NO4
556.3175	2688 // 2945 // 2946 // 2971 // 2972 // 2982 // 2973 // 2947 // 2798 // 163432 // 163433 // 163434 // 163435 // 2997 // 163430 // 163431	M+Cl	0	521.3481	PC O-18:1; LMSD{ PC O-18:1 } // LPC 18:1; LMSD{ LPC 18:1 } // PC P-18:0; LMSD{ PC O-18:1 } // LPC 18:1 // LysoPC(18:1) // PC O-18:1								C26H52NO7P
564.3299	2948 // 2949 // 100664 // 163429	M+HCOOH-H	2	519.3325	LPC 18:2; LMSD{ LPC 18:2 } // linoleoyl-glycero-phosphocholine // LPC 18:2								C26H50NO7P
564.3299	182004	M-H+HCOONa	3	497.3481	LMSD{ LPE O-19:0;O }								C24H52NO7P
566.3453	5529	M-H	2	567.3536	LPS 21:0; LMSD{ LPS 21:0 }								C27H54NO9P
566.3453	2688 // 2945 // 2946 // 2971 // 2972 // 2982 // 2973 // 2947 // 2798 // 163432 // 163433 // 163434 // 163435 // 2997 // 163430 // 163431	M+HCOOH-H	2	521.3481	PC O-18:1; LMSD{ PC O-18:1 } // LPC 18:1; LMSD{ LPC 18:1 } // PC P-18:0; LMSD{ PC O-18:1 } // LPC 18:1 // LysoPC(18:1) // PC O-18:1								C26H52NO7P
583.2549	653	M-H	0	584.2622	Pubescenol								C32H40O10
583.2549	107570 // 117970 // 165561 // 158107 // 161238	M-H	2	584.2635	Bilirubin // Bilirubin IXa // Dihydrobiliverdin // Phytochromobilin								C33H36N4O6
583.2549	151923	M-H	3	584.2638	Ethyl-propyl-vinylbacteriochlorophyllide								C35H36MgN4O3
583.2549	39027	M-H+HCOONa	5	516.2723	LMSD{ ST 29:6;O8 }				NP				C29H40O8
583.2549	59419 // 98267	M-H+HCOONa	5	516.2723	Cavipetin-isomer							Food	C29H40O8
583.2549	134610	M-H+HCOONa	5	516.2723	Lucidenate								C29H40O8
631.2395	143154	M-H	9	632.241	Mulberrofuran							Food	C39H36O8
631.2395	155333 // 152043	M-H	3	632.2485	Hydroxyethylchlorophyllide // Bacteriochlorophyllide								C35H36MgN4O6
631.2395	73794 // 136072 // 106901 // 180148	M+HCOOH-H	0	586.2414	({[dihydroxy-(methylbut-en-yl)phenyl]-hydroxy-oxopropyl}-(methylbut-en-yl)phenoxy)-trihydroxyoxane-carboxylate // trihydroxy-(hydroxy-{hydroxy-[hydroxy-(methylbut-en-yl)phenyl]propanoyl}-(methylbut-en-yl)phenoxy)oxane-carboxylate // Xylocarpus								C31H38O11
631.2395	158379	M+HCOOH-H	0	586.2414	Baccatin III				NP				C31H38O11
631.2395	121779 // 148428	M+HCOOH-H	5	586.2383	[dihydroxy-pentamethyl-[(methyl-thiazol-yl)prop-en-yl]-oxo-oxa-azabicycloheptadec-en-yl]oxidanesulfonate								C27H42N2O8S2
631.2395	25243	M-H+HCOONa	6	564.2557	chlorotetracosane-disulfate		x						C24H49ClO8S2
634.332	182119	M-H	7	635.3435	LMSD{ PE 25:3;O3 }								C30H54NO11P
634.332	5529	M-H+HCOONa	3	567.3536	LPS 21:0; LMSD{ LPS 21:0 }								C27H54NO9P
714.5068	3639 // 3668 // 3211 // 3989 // 3236 // 3049 // 3993 // 4015 // 3593 // 3340 // 3866 // 3394 // 3174 // 4004 // 3287 // 64276 // 67297 // 70434 // 44385 // 81032 // 117943 // 77504 // 88037 // 89341 // 99111 // 54950 // 4064 // 1813 // 1853 // 1899 // 1928 // 1723 // 1990 // 1743 // 1762 // 180330	M-H	2	715.5152	PE 34:2; LMSD{ PE 34:2 } // PE 34:2 // PE-NMe2 32:2 // PE-NMe 33:2 // PE 34:0; LMSD{ PE 34:2 } // PC 31:2; LMSD{ PC 31:2 } // Palmitoyl-linoleoyl								C39H74NO8P
714.5068	75872 // 141314 // 148229 // 137488 // 125969 // 81427 // 94483 // 83478 // 96812 // 138551 // 47417 // 48706 // 124226 // 144968 // 100429 // 115791 // 140881 // 143975 // 132457 // 64365 // 95871 // 98442 // 43406 // 83347 // 71835 // 109211 // 86684 // 99997 // 105886 // 96164 // 142245 // 59311 // 53681 // 144562 // 113842 // 56517 // 122317 // 116697 // 71907 // 50412 // 117237 // 126966 // 82167 // 57342 // 9255 // 9615 // 9675 // 9685 // 9475 // 9220 // 9225 // 9495 // 9505 // 9250 // 9260 // 9285 // 9290 // 9825 // 9830 // 9855 // 9865 // 9610 // 9620 // 9890 // 9895 // 9640 // 9655 // 9400 // 9405 // 9710 // 9715 // 9460	M-2H	6	1431.0192	CL 70:3 // CL 70:3; LMSD{ CL 70:3 }								C79H148O17P2
720.496	91681 // 148871 // 135398 // 143864 // 43512 // 4189	M-H	2	721.5046	PE P-36:5 // PE P-36:5; LMSD{ PE O-36:6 }								C41H72NO7P
720.496	47375 // 104769 // 60262 // 104066 // 149641 // 146839	M-2H	9	1443.0192	CL 71:4								C80H148O17P2
745.5484	18009	M+Cl	8	710.5849	DG 43:6; LMSD{ DG 43:6 }								C46H78O5
745.5484	34372 // 34373 // 34421 // 34466 // 34470 // 34482	M+HCOOH-H	2	700.5519	SM 34:2; LMSD{ SM 34:2;O2 } // EPC 37:2; LMSD{ EPC 37:2;O2 }								C39H77N2O6P
748.5275	55556 // 104713 // 43021 // 83472 // 96037 // 101683 // 43115 // 108147 // 80762 // 87994 // 116691 // 90324 // 109307 // 4217 // 4078	M-H	2	749.5359	PE P-38:5 // PE P-38:5; LMSD{ PE O-38:6 } // PE O-38:6; LMSD{ PE O-38:6 }								C43H76NO7P
764.5221	3333 // 3904 // 3652 // 3680 // 3681 // 3710 // 3467 // 3991 // 3739 // 3996 // 3495 // 3768 // 3523 // 3553 // 1800 // 63272 // 2305 // 2056 // 2084 // 1829 // 1911 // 1939 // 1940 // 2277 // 2025 // 136990 // 139828 // 143927 // 109120 // 65356 // 140878 // 121435 // 146791 // 54406 // 120724 // 61597 // 87200 // 77831 // 67859 // 103725 // 140338 // 129861 // 58952 // 51814 // 139635 // 82304 // 124288 // 58761 // 85643 // 130471 // 123826 // 148409 // 103108 // 146888 // 149710 // 49618 // 117499 // 148262 // 130675 // 57462 // 97959 // 10868 // 10871 // 10874	M-H	2	765.5309	PE 38:5; LMSD{ PE 38:5 } // PC 35:5; LMSD{ PC 35:5 } // PE 38:5 // PE-NMe2 36:5 // PE-NMe 37:5 // PE P-38:5(OH); LMSD{ PE O-38:6;O }								C43H76NO8P
764.5221	135215 // 132937 // 128098 // 114533 // 76167 // 87962 // 86435 // 149460 // 71393 // 137969 // 121588 // 142844 // 10244 // 9780 // 9810 // 9815 // 10349 // 10354 // 10139 // 10409 // 10424 // 10444 // 10454 // 10229	M-2H	5	1531.0505	CL 78:9 // CL 78:9; LMSD{ CL 78:9 }								C87H152O17P2
773.5792	34380 // 34381 // 34382 // 34383 // 34363 // 34467 // 34471 // 34483 // 165840 // 102247	M+HCOOH-H	3	728.5832	SM 36:2; LMSD{ SM 36:2;O2 } // EPC 39:2; LMSD{ EPC 39:2;O2 } // Oleoyl-sphingomyelin // SM 36:2								C41H81N2O6P
773.5792	77748	M+HCOOH-H	9	728.5744	Ubiquinol								C49H76O4
778.5591	34742 // 34752 // 182324 // 182333 // 180358	M+Cl	2	743.5911	GlcCer 36:1(OH); LMSD{ HexCer 36:1;O3 } // Hydroxy-cerebroside								C42H81NO9
778.5591	4128 // 2866 // 2900 // 2842 // 2894 // 2910 // 89285 // 2796 // 10851 // 4212 // 4232 // 106295 // 50756 // 163654 // 99503 // 144573 // 125939 // 163652 // 163653 // 2637 // 165843	M+Cl	9	743.5829	PE O-37:2; LMSD{ PE O-37:2 } // PC P-34:1; LMSD{ PC O-34:2 } // PnC 34:1 // PE P-37:1; LMSD{ PE O-37:2 } // PC P-34:1 // PC O-34:2 // PC O-34:2; LMSD{ PC O-34:2 } // GPnCho(16:0/18:1)								C42H82NO7P
778.5591	164735 // 164736 // 164737 // 164738 // 164739 // 164740 // 164741 // 164742 // 145680 // 114837 // 148948 // 107477 // 1285 // 1294 // 1558 // 1305 // 1314 // 1572 // 1347 // 1612 // 1618 // 1422 // 1685 // 1324 // 1356 // 1437 // 3110 // 3111 // 3420 // 3959 // 3963 // 3196 // 3213 // 4007 // 3620 // 3258 // 3152 // 146968 // 46137 // 163636 // 163637 // 163638 // 163639 // 163640 // 163641 // 163642 // 163643 // 163644 // 165842	M+HCOOH-H	2	733.5622	PE 35:0 // PE-NMe 34:0 // PC 32:0; LMSD{ PC 32:0 } // PE 35:0; LMSD{ PE 35:0 } // LMSD{ PE 35:0 } // PE-NMe2 33:0 // PC 32:0 // dipalmitoyl-glycero-PC								C40H80NO8P
794.5463	3329 // 3599 // 3347 // 3624 // 3374 // 3644 // 3426 // 3440 // 3265 // 3790 // 3295 // 3813 // 3570 // 3839 // 1794 // 1823 // 2107 // 2379 // 1362 // 1364 // 1365 // 1366 // 1878 // 2135 // 1904 // 1710 // 1858 // 1363 // 2162 // 2182 // 1439 // 1747 // 2520 // 1516 // 1772 // 1273 // 112388 // 88647 // 108398 // 140179 // 63382 // 47272 // 55982 // 103858 // 120245 // 73403 // 72929 // 55019 // 59274 // 60073 // 77146 // 108496 // 163699 // 163700 // 163701 // 163702 // 163703 // 163704 // 163705 // 163706	M+Cl	1	759.5778	PE 37:1; LMSD{ PE 37:1 } // PC 34:1; LMSD{ PC 34:1 } // PE-NMe 36:1 // PE-NMe2 35:1 // PE 37:1 // PC 34:1								C42H82NO8P
794.5463	1240	M+HCOOH-H	10	749.5554	bacteriohopane-triol-cyclitolguanine								C42H75N3O8
794.5463	151529	M+HCOOH-H	5	749.5442	Bacteriohopanetetrol-acetylglucosamine								C43H75NO9
794.5463	34750 // 182314 // 53997	M-H+HCOONa	9	727.5598	GlcCer 35:2(OH); LMSD{ HexCer 35:2;O3 } // LMSD{ HexCer 35:2;O3 }								C41H77NO9
804.5742	164850 // 4492 // 5039 // 4653 // 5205 // 5016 // 5299 // 4534 // 4851	M-H	2	805.5833	PS 37:0 // PS 37:0; LMSD{ PS 37:0 }								C43H84NO10P
804.5742	34745 // 34749 // 34756 // 182317 // 182329	M+Cl	3	769.6068	GlcCer 38:2(OH); LMSD{ HexCer 38:2;O3 }								C44H83NO9
804.5742	2644 // 2722 // 2723 // 163724 // 163725 // 2778 // 2780 // 2827 // 2847 // 2903 // 144408 // 48424 // 57416 // 50509 // 112754 // 78196 // 80570 // 136893 // 54748 // 62628	M+Cl	8	769.5985	PC O-36:3; LMSD{ PC O-36:3 } // PC P-36:2; LMSD{ PC O-36:3 } // PC P-36:2 // Hexadecyl-dihomogammalinolenoylglycero-phosphocholine								C44H84NO7P
804.5742	3329 // 3599 // 3347 // 3624 // 3374 // 3644 // 3426 // 3440 // 3265 // 3790 // 3295 // 3813 // 3570 // 3839 // 1794 // 1823 // 2107 // 2379 // 1362 // 1364 // 1365 // 1366 // 1878 // 2135 // 1904 // 1710 // 1858 // 1363 // 2162 // 2182 // 1439 // 1747 // 2520 // 1516 // 1772 // 1273 // 112388 // 88647 // 108398 // 140179 // 63382 // 47272 // 55982 // 103858 // 120245 // 73403 // 72929 // 55019 // 59274 // 60073 // 77146 // 108496 // 163699 // 163700 // 163701 // 163702 // 163703 // 163704 // 163705 // 163706	M+HCOOH-H	2	759.5778	PE 37:1; LMSD{ PE 37:1 } // PC 34:1; LMSD{ PC 34:1 } // PE-NMe 36:1 // PE-NMe2 35:1 // PE 37:1 // PC 34:1								C42H82NO8P
810.5636	2647 // 2775 // 163716 // 79068 // 143378 // 55585 // 53572 // 74824 // 138835 // 104275 // 71802 // 163717 // 90766 // 44943 // 52165 // 121303 // 43751 // 2850 // 2799 // 131114	M+HCOOH-H	2	765.5672	PC O-36:5; LMSD{ PC O-36:5 } // PC P-36:4 // PC P-36:4; LMSD{ PC O-36:5 } // (Eicosapentaenoyl)-hexadecylglycero-phosphocholine								C44H80NO7P
810.5636	4128 // 2866 // 2900 // 2842 // 2894 // 2910 // 89285 // 2796 // 10851 // 4212 // 4232 // 106295 // 50756 // 163654 // 99503 // 144573 // 125939 // 163652 // 163653 // 2637 // 165843	M-H+HCOONa	1	743.5829	PE O-37:2; LMSD{ PE O-37:2 } // PC P-34:1; LMSD{ PC O-34:2 } // PnC 34:1 // PE P-37:1; LMSD{ PE O-37:2 } // PC P-34:1 // PC O-34:2 // PC O-34:2; LMSD{ PC O-34:2 } // GPnCho(16:0/18:1)								C42H82NO7P
812.5794	2828 // 2849 // 2895 // 51982 // 2848 // 78113 // 83519 // 2645 // 2646 // 2724 // 163722 // 2763 // 2786 // 69120 // 45880 // 80705 // 114245 // 42619 // 78728 // 101048 // 121577 // 163720 // 163721 // 163719	M+HCOOH-H	2	767.5829	PC P-36:3; LMSD{ PC O-36:4 } // PC O-36:4; LMSD{ PC O-36:4 } // PC P-36:3 // PC O-36:4 // Arachidonoyl PAF C								C44H82NO7P
812.5794	4111 // 4127 // 2841 // 2865 // 2819 // 121864 // 2617 // 2664 // 2737 // 163660 // 163661 // 2690 // 2772 // 2777 // 4190 // 4211 // 4231 // 92681 // 90054 // 163657 // 163658 // 163659	M-H+HCOONa	1	745.5985	PE O-37:1; LMSD{ PE O-37:1 } // PC P-34:0; LMSD{ PC O-34:1 } // PC O-34:1; LMSD{ PC O-34:1 } // PE P-37:0; LMSD{ PE O-37:1 } // PC P-34:0 // PC O-34:1								C42H84NO7P
824.5426	5131 // 4641 // 4943 // 4972 // 5025 // 4786 // 4808 // 4838 // 4583 // 5102	M-H	3	825.552	PS 39:4; LMSD{ PS 39:4 }								C45H80NO10P
824.5426	2804 // 79447 // 48175 // 45385 // 147553 // 98697 // 42676	M+Cl	8	789.5672	PC P-38:6; LMSD{ PC O-38:7 } // PC P-38:6								C46H80NO7P
824.5426	3611 // 3384 // 3906 // 3745 // 3773 // 3581 // 1689 // 2307 // 2058 // 2582 // 2087 // 2604 // 2606 // 1388 // 1415 // 2444 // 1979 // 2505 // 2506 // 2000 // 2001 // 2514 // 2526 // 2278 // 2028 // 1782 // 2554 // 68352 // 115213 // 86291 // 138010 // 58142 // 146994 // 43337 // 62282 // 83294 // 70762 // 111482 // 124047 // 56217 // 49052 // 105631 // 84403 // 72119 // 44472 // 65465 // 129228 // 72407 // 83159 // 106456 // 74223 // 137718 // 105467 // 88078 // 82745 // 65345 // 43853 // 163753 // 163754 // 163755 // 163756	M+HCOOH-H	3	779.5465	PE 39:5; LMSD{ PE 39:5 } // PC 36:5; LMSD{ PC 36:5 } // PE-NMe 38:5 // PE-NMe2 37:5 // PC 36:5								C44H78NO8P
824.5426	164773 // 164774 // 87829 // 142632 // 96307 // 103230 // 59468 // 62816 // 99173 // 146800 // 50815 // 47774 // 109215 // 124579 // 56793 // 3840 // 3600 // 3348 // 3625 // 3375 // 3645 // 3404 // 3674 // 3441 // 3462 // 3296 // 3571 // 3870 // 3266 // 1824 // 1367 // 1879 // 1368 // 2136 // 1369 // 1370 // 1371 // 1372 // 1373 // 1374 // 2410 // 1407 // 1934 // 1431 // 1432 // 1440 // 1711 // 1532 // 1535 // 1539 // 1375 // 1410 // 1411 // 2183 // 2212 // 1748 // 2521 // 1517 // 1773 // 3137 // 3139 // 55307 // 72153 // 163687 // 163688 // 163689 // 163690 // 163691 // 163692 // 163693 // 163694	M-H+HCOONa	0	757.5622	PE-NMe 36:2 // PE 37:2; LMSD{ PE 37:2 } // PC 34:2; LMSD{ PC 34:2 } // PE-NMe 36:2; LMSD{ PE-NMe 36:2 } // PE-NMe2 35:2 // PC 34:2								C42H80NO8P
835.5312	7691 // 6937 // 6761 // 7615 // 7183 // 7452 // 7210 // 6957 // 7237 // 6982 // 7256 // 6791 // 6828 // 6853 // 6875 // 6904 // 66347 // 114360 // 160104	M-H	4	836.5415	PI 34:1; LMSD{ PI 34:1 } // PI 34:1 // Hexadecanoyl-(octadecenoyl)-glycero-phospho-myo-inositol								C43H81O13P
835.5312	5909 // 5937 // 5748 // 6287 // 6042 // 6043 // 6094 // 5858 // 6124 // 5881 // 6065 // 6409 // 64828	M+Cl	6	800.5567	PG 38:3; LMSD{ PG 38:3 } // PG 38:3								C44H81O10P
876.5732	4357 // 5177	M-H	3	877.5833	PS 43:6; LMSD{ PS 43:6 }								C49H84NO10P
876.5732	101909 // 132699 // 111230 // 88468 // 149415 // 95655 // 74682 // 136384 // 84419 // 93143 // 148452 // 83697 // 1544 // 2321 // 2073 // 2455 // 2456 // 2483 // 2234 // 2264 // 1498 // 2293 // 1529 // 2044 // 92462 // 143413 // 163914 // 56172 // 136564 // 122494 // 52143 // 102853 // 132059 // 147171 // 55550	M+HCOOH-H	3	831.5778	PE-NMe 42:7 // PC 40:7; LMSD{ PC 40:7 } // PC 40:7								C48H82NO8P
876.5732	3586 // 3914 // 3751 // 3805 // 1473 // 2569 // 2570 // 2064 // 2578 // 2094 // 1391 // 2171 // 2447 // 2194 // 2195 // 2223 // 1472 // 1984 // 2253 // 2518 // 2007 // 2528 // 2529 // 2282 // 2035 // 1525 // 80924 // 78368 // 101422 // 92722 // 117042 // 84040 // 47965 // 112490 // 118639 // 97908 // 87947 // 53161 // 107445 // 148667 // 79305 // 44764 // 75497 // 86763 // 65263 // 163876 // 163877 // 163878 // 76614 // 165849	M-H+HCOONa	1	809.5935	PE 41:4; LMSD{ PE 41:4 } // PC 38:4; LMSD{ PC 38:4 } // PE-NMe 40:4 // PC 38:4 // Stearoyl-Arachidonoyl								C46H84NO8P
