Feature	Apex m/z	RT [min]	Identifier	Adduct	mz Error (ppm)	Molecular Weight	Name	Peptide	Halogenated	Plant	NaturalProduct	Microbial	Drug	Food	Formula
B02463	115.05456	15.983	107276 // 42600 // 118383 // 30893 // 30895	M+H-H2O	2.0	132.0575	Atropaldehyde // Methylcumarone // Phenyl-propenal // octadien-diyn-ol								C9H8O
B02463	115.05456	15.983	99879 // 157941	M+H-H2O	2.0	132.0575	Indanone				NP				C9H8O
B02463	115.05456	15.983	126146	M+H-H2O	2.0	132.0575	Cinnamaldehyde							Food	C9H8O
A01917	117.05497	0.375	27031 // 27148 // 27173 // 27030 // 27032 // 79290 // 25548 // 67562 // 165033 // 83981 // 126887 // 56251 // 104679 // 107500 // 32034 // 119091 // 61151	M+H	3.0	116.0473	keto valerate // Ethyl pyruvate // methyl-oxo-butanoate // hydroxy-methylbut-enoate // dimethyloxirane-carboxylate								C5H8O3
A01917	117.05497	0.375	69545	M+H	3.0	116.0473	Acetoxyacetone				NP			Food	C5H8O3
A01917	117.05497	0.375	152401	M+Na	1.0	94.0657	Methylpyridinium								C6H8N
A01917	117.05497	0.375	151946 // 60580 // 150571 // 165059 // 156905 // 127641 // 165060 // 73591 // 134513 // 157489	M+H-H2O	2.0	134.0579	Deoxyribose // Deoxy-xylulose // glycerol acetate // hydroxy-(hydroxymethyl)-methylpropanoate // Deoxy-arabinose								C5H10O4
A01917	117.05497	0.375	26905 // 26957 // 26969 // 161603 // 165061 // 165062	M+H-H2O	2.0	134.0579	dihydroxy-valerate				NP				C5H10O4
A01917	117.05497	0.375	44842	M+H-H2O	8.0	134.0592	Dihydropteridine								C6H6N4
B00652	142.02682	13.53	102283	M+H	2.0	141.0193	carboxypenta-dienoate								C6H5O4
B00652	142.02682	13.53	112640 // 153913	M+H	3.0	141.0191	Ethanolamine phosphate // (Amino-hydroxyethyl)phosphonate								C2H8NO4P
B00652	142.02682	13.53	127260	M+H	5.0	141.0188	Hydroxymethyl-furanoate								C6H5O4
B00652	142.02682	13.53	148609	M+Na	4.0	119.0371	Diacylglycerol-PI-pool								C7H5NO
B00652	142.02682	13.53	151840 // 165029 // 27400 // 27405 // 27409 // 27414 // 27415 // 27418 // 27419 // 46261 // 153581 // 43122 // 142984 // 123815 // 80616	M+K	3.0	103.0633	Propyl carbamate // amino-butanoate // HBA // Dimethylglycine // Ethylglycine // Butyl nitrite // Methylalanine								C4H9NO2
B00652	142.02682	13.53	123399	M+K	3.0	103.0633	Acetylethanolamine							Food	C4H9NO2
A02242	162.076489999999	0.424	157709 // 151507 // 128184 // 79135 // 27622 // 180841 // 105769	M+H	3.0	161.0688	Alanyl-lactate // Glutamate methylester // Acetylthreonine // Aminoadipate // hydroxybutyrylglycine								C6H11NO4
A02242	162.076489999999	0.424	154712	M+H	3.0	161.0688	Amino-dideoxy-scyllo-inosose					MC			C6H11NO4
A02242	162.076489999999	0.424	157301 // 116155	M+H	3.0	161.0688	Methyl-glutamate				NP				C6H11NO4
A02242	162.076489999999	0.424	150972 // 145448	M+H	3.0	161.0688	Iminobispropanoate							Food	C6H11NO4
A02242	162.076489999999	0.424	165098 // 126061 // 162588	M+H	3.0	161.0688	Acetylhomoserine			Plant					C6H11NO4
A02242	162.076489999999	0.424	156462	M+H-H2O	2.0	179.0794	Galactosamine				NP				C6H13NO5
A02242	162.076489999999	0.424	163149 // 162443	M+H-H2O	2.0	179.0794	Nojirimycin // Kanosamine				NP	MC			C6H13NO5
A02242	162.076489999999	0.424	161935 // 158262	M+H-H2O	2.0	179.0794	neo-Inosamine-2					MC			C6H13NO5
A02242	162.076489999999	0.424	122199 // 121533 // 117693 // 158238 // 150567 // 152384 // 150900 // 150993 // 155900	M+H-H2O	2.0	179.0794	Glucosamine // Fructosamine // Mannosamine // Talosamine // Altrosamine // Gulosamine // Idosamine // Allosamine								C6H13NO5
A02242	162.076489999999	0.424	120004	M+H-H2O	6.0	179.0807	Aminomethyl-carbaguanine								C7H9N5O
A01557	189.0468	0.349	153648 // 159119	M+H	1.0	188.0393	Chlorobiphenyl		x						C12H9Cl
A01557	189.0468	0.349	99417	M+Na	7.0	166.0565	Ethionamide						Drug		C8H10N2S
A01557	189.0468	0.349	158378	M+H-H2O	7.0	206.0514	Indolylmethylthiohydroximate								C10H10N2OS
A01557	189.0468	0.349	79879 // 58247	M+H-H2O	7.0	206.0514	[(Furanylmethyl)thio]-methylpyrazine							Food	C10H10N2OS
A01654	205.02436	0.353	166585	M+H	9.0	204.0189	Honaucin		x						C8H9ClO4
A01654	205.02436	0.353	158225	M+Na	9.0	182.0368	Acenaphthenequinone								C12H6O2
A01654	205.02436	0.353	27369	M+H+HCOONa	5.0	136.0291	chloropentanoate		x						C5H9O2Cl
B01576	311.29586	14.617	31760 // 31533 // 31534 // 31538 // 31539 // 31540 // 31548 // 28235 // 25762 // 169381 // 26035 // 26036 // 180636 // 169388 // 169389 // 32247 // 31974 // 169391	M+H	5.0	310.2872	Dimethyl-octenyl dimethyl-octadienoate // Octadecenyl acetate // Prostanoate skeleton // octadecenoate // C20:1 // Eicosanolide // Ethyl oleate								C20H38O2
B01576	311.29586	14.617	26442 // 25766 // 25767 // 26030 // 26032 // 26033 // 26034 // 26301 // 25764 // 25765 // 26031 // 50424 // 26625 // 26630 // 26645 // 169382 // 169383 // 169384 // 169385 // 169386 // 169387 // 169390 // 169392 // 26620 // 488 // 506 // 507 // 169380	M+H	5.0	310.2872	eicosenoate // Phytenoate				NP				C20H38O2
B01576	311.29586	14.617	130670 // 117889 // 141996	M+H	5.0	310.2872	Icosanedione							Food	C20H38O2
B01576	311.29586	14.617	181444 // 105247	M+H-H2O	4.0	328.2977	methoxy-nonadecanoate // Polyoxyethylene 40 monostearate								C20H40O3
B01576	311.29586	14.617	26736 // 72196 // 91397 // 26735 // 26737 // 26843 // 170361	M+H-H2O	4.0	328.2977 // 328.2978	hydroxy-eicosanoate				NP				C20H40O3
B01576	311.29586	14.617	494 // 498	M+H-H2O	4.0	328.2977	hydroxyphytanate							Food	C20H40O3
A01139	336.87859	0.338	152122	M+H-H2O	7.0	353.8843	Bithionol		x				Drug		C12H6Cl4O2S
A01139	336.87859	0.338	157817	M+H-H2O	7.0	353.8843	Tetradifon		x						C12H6Cl4O2S
A06251	357.28002	8.885	25858 // 26388 // 26406 // 97730 // 172421 // 26505 // 164347	M+H	3.0	356.2715	tetracosahexaenoate						Drug		C24H36O2
A06251	357.28002	8.885	40744 // 40795 // 40685 // 40687 // 172422 // 172423 // 172424 // 40351 // 180800 // 155668 // 172425	M+H	3.0	356.2715	Chola-dien-oate // hydroxy-didehydro-trinorcalciol // C24:6 // Docosahexaenoate ethyl ester								C24H36O2
A06251	357.28002	8.885	40564 // 40561 // 40562 // 40563 // 40565 // 40566 // 40567 // 40568 // 40569 // 40570 // 40571 // 40572 // 40573 // 40574 // 40575 // 40576 // 40640 // 40648 // 40678 // 40681 // 40683 // 40693 // 173994 // 173995 // 173996 // 173997 // 173998 // 173999 // 174000 // 174001 // 174002 // 174003 // 174004 // 174005 // 174006 // 174007 // 174008 // 174009 // 174011 // 174012 // 174014 // 174015 // 174016 // 174017 // 17679 // 39697 // 40491 // 40492 // 40493 // 40494 // 40495 // 40496 // 40497 // 40632 // 40651 // 40703 // 173988 // 173989 // 173990 // 173991 // 173992 // 173993 // 174010 // 174013 // 174018 // 26945 // 151054 // 153649	M+H-H2O	3.0	374.2821	Hydroxy-chol-en-oate // (pentadec-en-yl)salicylate // dihydroxy-trinorvitamin D3 // Oxo-cholan-oate // hydroxy-tetracosa-pentaenoate // [(Tetrahydro-pyran-yl)oxy]androst-en-ol // Dihydroxy-trimethyl-pregn-en-one								C24H38O3
A06251	357.28002	8.885	60039	M+H-H2O	3.0	374.2821	(Heptadecenyl)-hydroxybenzoate				NP			Food	C24H38O3
A06251	357.28002	8.885	65725	M+H-H2O	3.0	374.2821	Merulinate							Food	C24H38O3
A06251	357.28002	8.885	174019	M+H-H2O	6.0	374.2855	thio-Acetyl MAGE								C21H42O3S
A09682	367.18154	11.699	160460 // 152527	M+Na	10.0	344.1889	TAN-67								C23H24N2O
A09682	367.18154	11.699	174785 // 174786	M+H-H2O	2.0	384.1838	JWH // JWH naphthyl isomer								C25H24N2O2
A09682	367.18154	11.699	100474	M+H+HCOONa	3.0	298.1879	Diphthamide						Drug		C13H24N5O3
B00517	387.32718	13.34	39714 // 26415 // 26429 // 180772 // 174926	M+H	4.0	386.3185	hydroxy-deoxy-oxavitamin D3 // Shibate // enanthoxyandrost-en-one								C26H42O2
B00517	387.32718	13.34	109668	M+H	4.0	386.3185	Phenyl-eicosanedione							Food	C26H42O2
B00517	387.32718	13.34	40807 // 39748 // 39749 // 40342	M+H-H2O	3.0	404.329	Dihomolithocholate // dihydroxy-norvitamin D3 // dihydroxy-nor-secovitamin D3								C26H44O3
A06301	410.32791	8.98	176882 // 176883	M+H	3.0	409.3192	PGF2a diethyl amide // Lumula								C24H43NO4
A05006	498.29047	6.644	179482 // 179483	M+Na	7.0	475.3046	MG132								C26H41N3O5
A05006	498.29047	6.644	153542 // 76624	M+Na	1.0	475.3006	Netilmicin						Drug		C21H41N5O7
A05006	498.29047	6.644	164530 // 41189 // 162382 // 102419 // 41196 // 83105 // 41197 // 41204 // 41201 // 57855 // 41199	M+H-H2O	4.0	515.2917	Taurocholate // Taurohyocholate // Tauro-muricholate // Taurallocholate // Tauroursocholate								C26H45NO7S
B05982	506.36196	19.368	179871 // 34339 // 163409 // 3029	M+H	3.0	505.3532	CerP(26:1) // LPC(18:2) // LPC(P-18:1)								C26H52NO6P
B05982	506.36196	19.368	163438 // 165818 // 2641 // 163439 // 163440 // 164538	M+H-H2O	3.0	523.3638	PAF C-16 // PC(18:0)						Drug	Food	C26H54NO7P
B05982	506.36196	19.368	163441 // 163442 // 163443 // 163444 // 2944 // 2970 // 4288	M+H-H2O	3.0	523.3638	LPC(18:0) // LPE(21:0)								C26H54NO7P
B08570	603.536509999999	25.173	18283 // 181951 // 185911 // 185912 // 185913 // 185914 // 185915 // 185916 // 185917 // 185918 // 185919 // 185920 // 185921 // 185922 // 185923 // 185924 // 185925 // 186794 // 186795 // 186796 // 186797 // 186798 // 186799 // 186800 // 186801 // 186802 // 186803 // 186804 // 186805 // 186806 // 181945 // 181952 // 180185	M+H	3.0	602.5274	(methyl-pentadecanoyl)-(ladderane-octanyl)-glycerol // FAHFA(39:3) // (hexadecanoyl)-(ladderane-octanyl)-glycerol // Hexadecyl-arachidonoyl-glycerol								C39H70O4
B08570	603.536509999999	25.173	18265	M+Na	7.0	580.5431	DAG(34:1)				NP				C37H72O4
B08570	603.536509999999	25.173	183898 // 183899 // 183900 // 183901 // 183902 // 183903 // 183904 // 183905 // 183906 // 183907 // 183908 // 183909 // 183910 // 183911 // 183912 // 183913 // 183914 // 183915 // 183432 // 183433 // 183434 // 183435 // 183436 // 183437 // 183438 // 183439 // 183440 // 183441 // 183442 // 183443 // 183444 // 183445 // 183446 // 185494 // 183447 // 185495 // 183448 // 185496 // 183449 // 185497 // 183450 // 185498 // 183451 // 185499 // 185500 // 185501 // 185502 // 185503 // 185504 // 185505 // 185506 // 184741 // 184742 // 184743 // 184744 // 184745 // 184746 // 184747 // 184748 // 184749 // 184750 // 184751 // 184752 // 184753 // 184754 // 184755	M+Na	7.0	580.5431	FAHFA(37:0)								C37H72O4
B08570	603.536509999999	25.173	61832 // 86166 // 61100 // 62178 // 130550 // 86795 // 48662 // 64819 // 149328 // 110684 // 17768 // 17769 // 17773 // 17774 // 68484 // 119185 // 65470 // 18116 // 61401 // 102646 // 94463 // 18244 // 17777 // 18139 // 180216	M+H-H2O	3.0	620.538	DAG(36:2)								C39H72O5
B08570	603.536509999999	25.173	180652 // 31306 // 31307 // 31308 // 31310 // 31309 // 31175 // 31156	M+H+HCOONa	8.0	534.5376	C36:1 // Myristoleyl behenate // Stearyl oleate // Arachidyl palmitoleate // octadecenyl heptadecanoate								C36H70O2
B04802	74.0604	18.088	113494 // 54766 // 111392 // 159742	M+H	5.0	73.0528	Aminoacetone // Aminopropionaldehyde // (methylamino)acetaldehyde // Acetone oxime								C3H7NO
B04802	74.0604	18.088	47966	M+H	5.0	73.0528	Dimethylformamide						Drug	Food	C3H7NO
B04802	74.0604	18.088	155998	M+H-H2O	3.0	91.0633	Aminopropane-diol								C3H9NO2
A02180	95.06057	0.413	152438	M+H	2.0	94.0531	Aminopyridine						Drug		C5H6N2
A02180	95.06057	0.413	120308	M+H	2.0	94.0531	Methylpyrazine				NP			Food	C5H6N2
A01283	98.05768	0.341	107563	M+Na	1.0	75.0684	Trimethylamine-oxide					MC			C3H9NO
A01283	98.05768	0.341	117354 // 58806 // 165739 // 165855 // 165856 // 159284 // 70315	M+Na	1.0	75.0684	aminopropan-ol // (methylamino)ethan-ol								C3H9NO
A01885	80.5322099999999	0.371					UNK								
A02243	95.00101	0.424					UNK								
A05603	244.6389	7.622					UNK								
A08856	339.60535	11.172					UNK								
A10476	434.79218	12.116					UNK								
B02820	70.01299	16.01					UNK								
B03940	409.75528	17.37					UNK								
